-- MySQL dump 10.13  Distrib 8.0.38, for Win64 (x86_64)
--
-- Host: localhost    Database: orbit_invoice
-- ------------------------------------------------------
-- Server version	8.0.39

/*!40101 SET @OLD_CHARACTER_SET_CLIENT=@@CHARACTER_SET_CLIENT */;
/*!40101 SET @OLD_CHARACTER_SET_RESULTS=@@CHARACTER_SET_RESULTS */;
/*!40101 SET @OLD_COLLATION_CONNECTION=@@COLLATION_CONNECTION */;
/*!50503 SET NAMES utf8 */;
/*!40103 SET @OLD_TIME_ZONE=@@TIME_ZONE */;
/*!40103 SET TIME_ZONE='+00:00' */;
/*!40014 SET @OLD_UNIQUE_CHECKS=@@UNIQUE_CHECKS, UNIQUE_CHECKS=0 */;
/*!40014 SET @OLD_FOREIGN_KEY_CHECKS=@@FOREIGN_KEY_CHECKS, FOREIGN_KEY_CHECKS=0 */;
/*!40101 SET @OLD_SQL_MODE=@@SQL_MODE, SQL_MODE='NO_AUTO_VALUE_ON_ZERO' */;
/*!40111 SET @OLD_SQL_NOTES=@@SQL_NOTES, SQL_NOTES=0 */;

--
-- Table structure for table `auth_group`
--

DROP TABLE IF EXISTS `auth_group`;
/*!40101 SET @saved_cs_client     = @@character_set_client */;
/*!50503 SET character_set_client = utf8mb4 */;
CREATE TABLE `auth_group` (
  `id` int NOT NULL AUTO_INCREMENT,
  `name` varchar(150) NOT NULL,
  PRIMARY KEY (`id`),
  UNIQUE KEY `name` (`name`)
) ENGINE=InnoDB DEFAULT CHARSET=utf8mb3;
/*!40101 SET character_set_client = @saved_cs_client */;

--
-- Dumping data for table `auth_group`
--

LOCK TABLES `auth_group` WRITE;
/*!40000 ALTER TABLE `auth_group` DISABLE KEYS */;
/*!40000 ALTER TABLE `auth_group` ENABLE KEYS */;
UNLOCK TABLES;

--
-- Table structure for table `auth_group_permissions`
--

DROP TABLE IF EXISTS `auth_group_permissions`;
/*!40101 SET @saved_cs_client     = @@character_set_client */;
/*!50503 SET character_set_client = utf8mb4 */;
CREATE TABLE `auth_group_permissions` (
  `id` bigint NOT NULL AUTO_INCREMENT,
  `group_id` int NOT NULL,
  `permission_id` int NOT NULL,
  PRIMARY KEY (`id`),
  UNIQUE KEY `auth_group_permissions_group_id_permission_id_0cd325b0_uniq` (`group_id`,`permission_id`),
  KEY `auth_group_permissio_permission_id_84c5c92e_fk_auth_perm` (`permission_id`),
  CONSTRAINT `auth_group_permissio_permission_id_84c5c92e_fk_auth_perm` FOREIGN KEY (`permission_id`) REFERENCES `auth_permission` (`id`),
  CONSTRAINT `auth_group_permissions_group_id_b120cbf9_fk_auth_group_id` FOREIGN KEY (`group_id`) REFERENCES `auth_group` (`id`)
) ENGINE=InnoDB DEFAULT CHARSET=utf8mb3;
/*!40101 SET character_set_client = @saved_cs_client */;

--
-- Dumping data for table `auth_group_permissions`
--

LOCK TABLES `auth_group_permissions` WRITE;
/*!40000 ALTER TABLE `auth_group_permissions` DISABLE KEYS */;
/*!40000 ALTER TABLE `auth_group_permissions` ENABLE KEYS */;
UNLOCK TABLES;

--
-- Table structure for table `auth_permission`
--

DROP TABLE IF EXISTS `auth_permission`;
/*!40101 SET @saved_cs_client     = @@character_set_client */;
/*!50503 SET character_set_client = utf8mb4 */;
CREATE TABLE `auth_permission` (
  `id` int NOT NULL AUTO_INCREMENT,
  `name` varchar(255) NOT NULL,
  `content_type_id` int NOT NULL,
  `codename` varchar(100) NOT NULL,
  PRIMARY KEY (`id`),
  UNIQUE KEY `auth_permission_content_type_id_codename_01ab375a_uniq` (`content_type_id`,`codename`),
  CONSTRAINT `auth_permission_content_type_id_2f476e4b_fk_django_co` FOREIGN KEY (`content_type_id`) REFERENCES `django_content_type` (`id`)
) ENGINE=InnoDB AUTO_INCREMENT=97 DEFAULT CHARSET=utf8mb3;
/*!40101 SET character_set_client = @saved_cs_client */;

--
-- Dumping data for table `auth_permission`
--

LOCK TABLES `auth_permission` WRITE;
/*!40000 ALTER TABLE `auth_permission` DISABLE KEYS */;
INSERT INTO `auth_permission` VALUES (1,'Can add log entry',1,'add_logentry'),(2,'Can change log entry',1,'change_logentry'),(3,'Can delete log entry',1,'delete_logentry'),(4,'Can view log entry',1,'view_logentry'),(5,'Can add permission',2,'add_permission'),(6,'Can change permission',2,'change_permission'),(7,'Can delete permission',2,'delete_permission'),(8,'Can view permission',2,'view_permission'),(9,'Can add group',3,'add_group'),(10,'Can change group',3,'change_group'),(11,'Can delete group',3,'delete_group'),(12,'Can view group',3,'view_group'),(13,'Can add user',4,'add_user'),(14,'Can change user',4,'change_user'),(15,'Can delete user',4,'delete_user'),(16,'Can view user',4,'view_user'),(17,'Can add content type',5,'add_contenttype'),(18,'Can change content type',5,'change_contenttype'),(19,'Can delete content type',5,'delete_contenttype'),(20,'Can view content type',5,'view_contenttype'),(21,'Can add session',6,'add_session'),(22,'Can change session',6,'change_session'),(23,'Can delete session',6,'delete_session'),(24,'Can view session',6,'view_session'),(25,'Can add client',7,'add_client'),(26,'Can change client',7,'change_client'),(27,'Can delete client',7,'delete_client'),(28,'Can view client',7,'view_client'),(29,'Can add invoice',8,'add_invoice'),(30,'Can change invoice',8,'change_invoice'),(31,'Can delete invoice',8,'delete_invoice'),(32,'Can view invoice',8,'view_invoice'),(33,'Can add invoice item',9,'add_invoiceitem'),(34,'Can change invoice item',9,'change_invoiceitem'),(35,'Can delete invoice item',9,'delete_invoiceitem'),(36,'Can view invoice item',9,'view_invoiceitem'),(37,'Can add course',10,'add_course'),(38,'Can change course',10,'change_course'),(39,'Can delete course',10,'delete_course'),(40,'Can view course',10,'view_course'),(41,'Can add invoice purchase',11,'add_invoicepurchase'),(42,'Can change invoice purchase',11,'change_invoicepurchase'),(43,'Can delete invoice purchase',11,'delete_invoicepurchase'),(44,'Can view invoice purchase',11,'view_invoicepurchase'),(45,'Can add invoice purchase item',12,'add_invoicepurchaseitem'),(46,'Can change invoice purchase item',12,'change_invoicepurchaseitem'),(47,'Can delete invoice purchase item',12,'delete_invoicepurchaseitem'),(48,'Can view invoice purchase item',12,'view_invoicepurchaseitem'),(49,'Can add quotation',13,'add_quotation'),(50,'Can change quotation',13,'change_quotation'),(51,'Can delete quotation',13,'delete_quotation'),(52,'Can view quotation',13,'view_quotation'),(53,'Can add quotation item',14,'add_quotationitem'),(54,'Can change quotation item',14,'change_quotationitem'),(55,'Can delete quotation item',14,'delete_quotationitem'),(56,'Can view quotation item',14,'view_quotationitem'),(57,'Can add registration',15,'add_registration'),(58,'Can change registration',15,'change_registration'),(59,'Can delete registration',15,'delete_registration'),(60,'Can view registration',15,'view_registration'),(61,'Can add course content',16,'add_coursecontent'),(62,'Can change course content',16,'change_coursecontent'),(63,'Can delete course content',16,'delete_coursecontent'),(64,'Can view course content',16,'view_coursecontent'),(65,'Can add corporate registration',17,'add_corporateregistration'),(66,'Can change corporate registration',17,'change_corporateregistration'),(67,'Can delete corporate registration',17,'delete_corporateregistration'),(68,'Can view corporate registration',17,'view_corporateregistration'),(69,'Can add registration course',18,'add_registrationcourse'),(70,'Can change registration course',18,'change_registrationcourse'),(71,'Can delete registration course',18,'delete_registrationcourse'),(72,'Can view registration course',18,'view_registrationcourse'),(73,'Can add certificate',19,'add_certificate'),(74,'Can change certificate',19,'change_certificate'),(75,'Can delete certificate',19,'delete_certificate'),(76,'Can view certificate',19,'view_certificate'),(77,'Can add certificate upload',20,'add_certificateupload'),(78,'Can change certificate upload',20,'change_certificateupload'),(79,'Can delete certificate upload',20,'delete_certificateupload'),(80,'Can view certificate upload',20,'view_certificateupload'),(81,'Can add form upload',21,'add_formupload'),(82,'Can change form upload',21,'change_formupload'),(83,'Can delete form upload',21,'delete_formupload'),(84,'Can view form upload',21,'view_formupload'),(85,'Can add company profile',22,'add_companyprofile'),(86,'Can change company profile',22,'change_companyprofile'),(87,'Can delete company profile',22,'delete_companyprofile'),(88,'Can view company profile',22,'view_companyprofile'),(89,'Can add proposal',23,'add_proposal'),(90,'Can change proposal',23,'change_proposal'),(91,'Can delete proposal',23,'delete_proposal'),(92,'Can view proposal',23,'view_proposal'),(93,'Can add trainer profile',24,'add_trainerprofile'),(94,'Can change trainer profile',24,'change_trainerprofile'),(95,'Can delete trainer profile',24,'delete_trainerprofile'),(96,'Can view trainer profile',24,'view_trainerprofile');
/*!40000 ALTER TABLE `auth_permission` ENABLE KEYS */;
UNLOCK TABLES;

--
-- Table structure for table `auth_user`
--

DROP TABLE IF EXISTS `auth_user`;
/*!40101 SET @saved_cs_client     = @@character_set_client */;
/*!50503 SET character_set_client = utf8mb4 */;
CREATE TABLE `auth_user` (
  `id` int NOT NULL AUTO_INCREMENT,
  `password` varchar(128) NOT NULL,
  `last_login` datetime(6) DEFAULT NULL,
  `is_superuser` tinyint(1) NOT NULL,
  `username` varchar(150) NOT NULL,
  `first_name` varchar(150) NOT NULL,
  `last_name` varchar(150) NOT NULL,
  `email` varchar(254) NOT NULL,
  `is_staff` tinyint(1) NOT NULL,
  `is_active` tinyint(1) NOT NULL,
  `date_joined` datetime(6) NOT NULL,
  PRIMARY KEY (`id`),
  UNIQUE KEY `username` (`username`)
) ENGINE=InnoDB AUTO_INCREMENT=49 DEFAULT CHARSET=utf8mb3;
/*!40101 SET character_set_client = @saved_cs_client */;

--
-- Dumping data for table `auth_user`
--

LOCK TABLES `auth_user` WRITE;
/*!40000 ALTER TABLE `auth_user` DISABLE KEYS */;
INSERT INTO `auth_user` VALUES (1,'pbkdf2_sha256$600000$bAJ6HD1YPP0usBTH8shaiV$53o5mKCrxDayFT2MCFZpE6uFJxcGs+fPJ+yzExj03xk=',NULL,1,'orbit','','','juraijvuit@gmail.com',1,1,'2024-08-08 16:34:36.535530'),(2,'pbkdf2_sha256$720000$G4BH60byikbkEgxyV4NOSV$QQUoL6ncnIExTaZH6wkkIncmm1R3BdAQsFj7kF4zl/Q=','2025-04-14 15:44:03.631459',0,'admin','','','juraijvuit@gmail.com',0,1,'2024-07-11 15:17:23.382310'),(3,'pbkdf2_sha256$720000$bvmpBIM2VZA3Dh1qE96Iej$Il0/x7hIGPoqGQYCnFVWme9CWgGjxnREHnla1Nc+gNo=','2025-04-04 13:58:57.730598',0,'dyan','','','',0,1,'2024-08-03 11:19:05.357555'),(4,'pbkdf2_sha256$720000$sdPBXXR6qgH5vIHSkalZJs$7z1Km47WTR8qjLG1WzK+LjdqODBiJIcUwBAUCnB5FvU=','2024-12-08 15:14:51.522129',0,'andrea','','','',0,1,'2024-08-03 11:20:06.394806'),(5,'pbkdf2_sha256$720000$CAwUbBNoqiCU4ZfduKZAPt$o+3YArdajOBEfS5qGdo/CCJEebDq1nYDcGDE9awbSEw=',NULL,0,'OC/24/001','','','',0,1,'2024-09-08 15:24:59.796747'),(6,'pbkdf2_sha256$720000$9JLmFW4WWcw3Vzs4MpaJu9$qBZKg5iezFWYyEefzoEHqPJDpsX09hIz3UjgR++67KY=',NULL,0,'OT/24/021','Tulius','','',0,1,'2024-09-08 15:33:06.204510'),(7,'pbkdf2_sha256$720000$fPBnIv2SPJVZsugyfrO6IJ$7QUavbpIcn7kNHLNGGIQHd1AkmM9jtHaz0hWmIJcF4g=',NULL,0,'OT/24/022','Itx','','',0,1,'2024-09-10 13:50:58.906747'),(10,'pbkdf2_sha256$720000$eohcbVMEXCCDtnnyNxxpTW$vLq4aFoQGYRBSTTPyirer+hWpUQp/w6u/n9wmy1vTYM=',NULL,0,'OT/24/023','Itx','','',0,1,'2024-09-10 14:05:18.103082'),(11,'pbkdf2_sha256$720000$GIo40nhjfEz3FhHkZTRXVB$iI9r67Y27EKi/mY3fcRpXPW5Xny8jtldksCupaCWLn8=',NULL,0,'OT/24/024','Syed Oubadah','','',0,1,'2024-09-10 14:32:11.688552'),(15,'pbkdf2_sha256$720000$ZAwDaBpEfiMEre9SipYYSK$md1cZExRGbqQye13tdsNfWE5adHq6jrLEt4yyqnfcSo=',NULL,0,'OT/24/025','demo','','',0,1,'2024-09-10 16:51:20.357178'),(16,'pbkdf2_sha256$720000$KVlwfkTpIwG9GnfmyfWf9K$JgzSslUIa0NWA/qdfyu0xWETItuDisygUrvZrkfRZ9M=',NULL,0,'OT/24/026','demo','','',0,1,'2024-09-10 17:25:25.203020'),(17,'pbkdf2_sha256$720000$aEL23P5PvtOZMQsc6mQVWl$ugtlcH0hL3JELQnnaB/uJJRgN2Y6Zof/z2bboX4qva0=',NULL,0,'OT/24/027','demo','','',0,1,'2024-09-10 18:16:49.616267'),(18,'pbkdf2_sha256$720000$4CzFEsxvlzearo1k4I9ugY$2fp8XB7pki/a1Mo5gwsq3VCNnSoBOC4RRYubvlSIa9Q=',NULL,0,'OT/24/028','Syed','','',0,1,'2024-09-11 12:08:54.122844'),(19,'pbkdf2_sha256$720000$PnKHUMrLrDTUCVAJR4dTX9$3RfOc23U2ter2pXRzATrs9GFWqX5tQbxnfUs+NBMO6s=',NULL,0,'OT/24/029','Christy','','',0,1,'2024-09-11 14:26:16.933600'),(20,'pbkdf2_sha256$720000$97HPS8UkgQRXc004lxMakD$Dvsbcykg9xvpIfYpAe/LiEFzdpoQRdfW0jI2ppOxucE=',NULL,0,'OT/24/030','demo','','',0,1,'2024-09-17 10:49:53.845071'),(21,'pbkdf2_sha256$720000$ksb0QLB5lf3F0DasCPi3Ck$Ach97PNbFcLqvuAJZAYMArb+lX+eefasixcZxrYZ4Z8=',NULL,0,'OC/24/002','','','',0,1,'2024-09-17 10:50:31.106846'),(40,'pbkdf2_sha256$720000$psk5qWCZkxVUfrMzIxbTJm$8kDGPqel4vdIyIEneqU0BDNmPjDvMS8lA46Scr2c3SE=',NULL,0,'OT/24/031','demo','','',0,1,'2024-09-17 11:54:48.628848'),(41,'pbkdf2_sha256$720000$ILJlPPMnQolsJeMQfcSmkO$yi/3mSnNh2/fQQeyFTj1imYFeThBSVdtDkLsxYbbeRg=',NULL,0,'OT/24/032','demo','','',0,1,'2024-09-17 11:55:47.255535'),(47,'pbkdf2_sha256$720000$rJWLRJUvMzJSiRp8ukmRRw$qhA90XMGInhC0h1pkZ4RRXP/akEV5umyBOvD/sd5dLo=','2025-04-14 09:04:42.804045',0,'remya','','','',0,1,'2025-03-01 07:11:06.013283'),(48,'pbkdf2_sha256$720000$IyvbHq43CnS9vfCaykpK7g$rcCgSZqxv7aZZqvVSJ8ZxKio284PxI4lt1TMUzvyyKM=','2025-03-16 12:15:26.783139',0,'najaf','','','',0,1,'2025-03-01 07:12:03.005317');
/*!40000 ALTER TABLE `auth_user` ENABLE KEYS */;
UNLOCK TABLES;

--
-- Table structure for table `auth_user_groups`
--

DROP TABLE IF EXISTS `auth_user_groups`;
/*!40101 SET @saved_cs_client     = @@character_set_client */;
/*!50503 SET character_set_client = utf8mb4 */;
CREATE TABLE `auth_user_groups` (
  `id` bigint NOT NULL AUTO_INCREMENT,
  `user_id` int NOT NULL,
  `group_id` int NOT NULL,
  PRIMARY KEY (`id`),
  UNIQUE KEY `auth_user_groups_user_id_group_id_94350c0c_uniq` (`user_id`,`group_id`),
  KEY `auth_user_groups_group_id_97559544_fk_auth_group_id` (`group_id`),
  CONSTRAINT `auth_user_groups_group_id_97559544_fk_auth_group_id` FOREIGN KEY (`group_id`) REFERENCES `auth_group` (`id`),
  CONSTRAINT `auth_user_groups_user_id_6a12ed8b_fk_auth_user_id` FOREIGN KEY (`user_id`) REFERENCES `auth_user` (`id`)
) ENGINE=InnoDB DEFAULT CHARSET=utf8mb3;
/*!40101 SET character_set_client = @saved_cs_client */;

--
-- Dumping data for table `auth_user_groups`
--

LOCK TABLES `auth_user_groups` WRITE;
/*!40000 ALTER TABLE `auth_user_groups` DISABLE KEYS */;
/*!40000 ALTER TABLE `auth_user_groups` ENABLE KEYS */;
UNLOCK TABLES;

--
-- Table structure for table `auth_user_user_permissions`
--

DROP TABLE IF EXISTS `auth_user_user_permissions`;
/*!40101 SET @saved_cs_client     = @@character_set_client */;
/*!50503 SET character_set_client = utf8mb4 */;
CREATE TABLE `auth_user_user_permissions` (
  `id` bigint NOT NULL AUTO_INCREMENT,
  `user_id` int NOT NULL,
  `permission_id` int NOT NULL,
  PRIMARY KEY (`id`),
  UNIQUE KEY `auth_user_user_permissions_user_id_permission_id_14a6b632_uniq` (`user_id`,`permission_id`),
  KEY `auth_user_user_permi_permission_id_1fbb5f2c_fk_auth_perm` (`permission_id`),
  CONSTRAINT `auth_user_user_permi_permission_id_1fbb5f2c_fk_auth_perm` FOREIGN KEY (`permission_id`) REFERENCES `auth_permission` (`id`),
  CONSTRAINT `auth_user_user_permissions_user_id_a95ead1b_fk_auth_user_id` FOREIGN KEY (`user_id`) REFERENCES `auth_user` (`id`)
) ENGINE=InnoDB DEFAULT CHARSET=utf8mb3;
/*!40101 SET character_set_client = @saved_cs_client */;

--
-- Dumping data for table `auth_user_user_permissions`
--

LOCK TABLES `auth_user_user_permissions` WRITE;
/*!40000 ALTER TABLE `auth_user_user_permissions` DISABLE KEYS */;
/*!40000 ALTER TABLE `auth_user_user_permissions` ENABLE KEYS */;
UNLOCK TABLES;

--
-- Table structure for table `django_admin_log`
--

DROP TABLE IF EXISTS `django_admin_log`;
/*!40101 SET @saved_cs_client     = @@character_set_client */;
/*!50503 SET character_set_client = utf8mb4 */;
CREATE TABLE `django_admin_log` (
  `id` int NOT NULL AUTO_INCREMENT,
  `action_time` datetime(6) NOT NULL,
  `object_id` longtext,
  `object_repr` varchar(200) NOT NULL,
  `action_flag` smallint unsigned NOT NULL,
  `change_message` longtext NOT NULL,
  `content_type_id` int DEFAULT NULL,
  `user_id` int NOT NULL,
  PRIMARY KEY (`id`),
  KEY `django_admin_log_content_type_id_c4bce8eb_fk_django_co` (`content_type_id`),
  KEY `django_admin_log_user_id_c564eba6_fk_auth_user_id` (`user_id`),
  CONSTRAINT `django_admin_log_content_type_id_c4bce8eb_fk_django_co` FOREIGN KEY (`content_type_id`) REFERENCES `django_content_type` (`id`),
  CONSTRAINT `django_admin_log_user_id_c564eba6_fk_auth_user_id` FOREIGN KEY (`user_id`) REFERENCES `auth_user` (`id`),
  CONSTRAINT `django_admin_log_chk_1` CHECK ((`action_flag` >= 0))
) ENGINE=InnoDB DEFAULT CHARSET=utf8mb3;
/*!40101 SET character_set_client = @saved_cs_client */;

--
-- Dumping data for table `django_admin_log`
--

LOCK TABLES `django_admin_log` WRITE;
/*!40000 ALTER TABLE `django_admin_log` DISABLE KEYS */;
/*!40000 ALTER TABLE `django_admin_log` ENABLE KEYS */;
UNLOCK TABLES;

--
-- Table structure for table `django_content_type`
--

DROP TABLE IF EXISTS `django_content_type`;
/*!40101 SET @saved_cs_client     = @@character_set_client */;
/*!50503 SET character_set_client = utf8mb4 */;
CREATE TABLE `django_content_type` (
  `id` int NOT NULL AUTO_INCREMENT,
  `app_label` varchar(100) NOT NULL,
  `model` varchar(100) NOT NULL,
  PRIMARY KEY (`id`),
  UNIQUE KEY `django_content_type_app_label_model_76bd3d3b_uniq` (`app_label`,`model`)
) ENGINE=InnoDB AUTO_INCREMENT=25 DEFAULT CHARSET=utf8mb3;
/*!40101 SET character_set_client = @saved_cs_client */;

--
-- Dumping data for table `django_content_type`
--

LOCK TABLES `django_content_type` WRITE;
/*!40000 ALTER TABLE `django_content_type` DISABLE KEYS */;
INSERT INTO `django_content_type` VALUES (1,'admin','logentry'),(3,'auth','group'),(2,'auth','permission'),(4,'auth','user'),(5,'contenttypes','contenttype'),(19,'invoices','certificate'),(20,'invoices','certificateupload'),(7,'invoices','client'),(22,'invoices','companyprofile'),(17,'invoices','corporateregistration'),(10,'invoices','course'),(16,'invoices','coursecontent'),(21,'invoices','formupload'),(8,'invoices','invoice'),(9,'invoices','invoiceitem'),(11,'invoices','invoicepurchase'),(12,'invoices','invoicepurchaseitem'),(23,'invoices','proposal'),(13,'invoices','quotation'),(14,'invoices','quotationitem'),(15,'invoices','registration'),(18,'invoices','registrationcourse'),(24,'invoices','trainerprofile'),(6,'sessions','session');
/*!40000 ALTER TABLE `django_content_type` ENABLE KEYS */;
UNLOCK TABLES;

--
-- Table structure for table `django_migrations`
--

DROP TABLE IF EXISTS `django_migrations`;
/*!40101 SET @saved_cs_client     = @@character_set_client */;
/*!50503 SET character_set_client = utf8mb4 */;
CREATE TABLE `django_migrations` (
  `id` bigint NOT NULL AUTO_INCREMENT,
  `app` varchar(255) NOT NULL,
  `name` varchar(255) NOT NULL,
  `applied` datetime(6) NOT NULL,
  PRIMARY KEY (`id`)
) ENGINE=InnoDB AUTO_INCREMENT=55 DEFAULT CHARSET=utf8mb3;
/*!40101 SET character_set_client = @saved_cs_client */;

--
-- Dumping data for table `django_migrations`
--

LOCK TABLES `django_migrations` WRITE;
/*!40000 ALTER TABLE `django_migrations` DISABLE KEYS */;
INSERT INTO `django_migrations` VALUES (1,'contenttypes','0001_initial','2024-08-08 16:32:59.467018'),(2,'auth','0001_initial','2024-08-08 16:33:01.276330'),(3,'admin','0001_initial','2024-08-08 16:33:01.665222'),(4,'admin','0002_logentry_remove_auto_add','2024-08-08 16:33:01.679871'),(5,'admin','0003_logentry_add_action_flag_choices','2024-08-08 16:33:01.693471'),(6,'contenttypes','0002_remove_content_type_name','2024-08-08 16:33:01.874915'),(7,'auth','0002_alter_permission_name_max_length','2024-08-08 16:33:02.031564'),(8,'auth','0003_alter_user_email_max_length','2024-08-08 16:33:02.197207'),(9,'auth','0004_alter_user_username_opts','2024-08-08 16:33:02.209230'),(10,'auth','0005_alter_user_last_login_null','2024-08-08 16:33:02.347937'),(11,'auth','0006_require_contenttypes_0002','2024-08-08 16:33:02.355197'),(12,'auth','0007_alter_validators_add_error_messages','2024-08-08 16:33:02.367936'),(13,'auth','0008_alter_user_username_max_length','2024-08-08 16:33:02.532472'),(14,'auth','0009_alter_user_last_name_max_length','2024-08-08 16:33:02.682578'),(15,'auth','0010_alter_group_name_max_length','2024-08-08 16:33:02.835317'),(16,'auth','0011_update_proxy_permissions','2024-08-08 16:33:02.851864'),(17,'auth','0012_alter_user_first_name_max_length','2024-08-08 16:33:03.004485'),(18,'invoices','0001_initial','2024-08-08 16:33:03.804222'),(19,'invoices','0002_client_country_client_emirates_invoice_discount_and_more','2024-08-08 16:33:04.121779'),(20,'invoices','0003_alter_invoice_discount','2024-08-08 16:33:04.295292'),(21,'invoices','0004_course_alter_invoice_date_invoice_course','2024-08-08 16:33:04.557642'),(22,'invoices','0005_invoice_person','2024-08-08 16:33:04.624194'),(23,'invoices','0006_invoice_amount_payed','2024-08-08 16:33:04.706258'),(24,'invoices','0007_invoicepurchase','2024-08-08 16:33:05.305295'),(25,'invoices','0008_invoice_dates','2024-08-08 16:33:05.386087'),(26,'invoices','0009_rename_person_invoice_number_of_person_and_more','2024-08-08 16:33:05.489988'),(27,'invoices','0010_rename_amount_payed_invoice_amount_paid','2024-08-08 16:33:05.549793'),(28,'invoices','0011_remove_invoice_dates_remove_invoiceitem_price_and_more','2024-08-08 16:33:05.941821'),(29,'invoices','0012_remove_invoiceitem_course_and_more','2024-08-08 16:33:06.397898'),(30,'invoices','0013_remove_invoice_dates_remove_invoiceitem_price_and_more','2024-08-08 16:33:06.800829'),(31,'invoices','0014_alter_invoicepurchase_invoice_number','2024-08-08 16:33:06.818621'),(32,'invoices','0015_invoicepurchaseitem','2024-08-08 16:33:07.192179'),(33,'invoices','0016_invoice_payment_invoicepurchase_payment','2024-08-08 16:33:07.361365'),(34,'invoices','0017_alter_invoice_payment_alter_invoicepurchase_payment','2024-08-08 16:33:07.420388'),(35,'invoices','0018_quotation_quotationitem','2024-08-08 16:33:08.010397'),(36,'invoices','0019_alter_quotation_training_venue','2024-08-08 16:33:08.055233'),(37,'invoices','0020_registration_alter_quotation_training_venue_and_more','2024-08-08 16:33:09.185431'),(38,'invoices','0021_registration_consultant_name','2024-08-08 16:33:09.289285'),(39,'invoices','0022_alter_invoice_discount','2024-08-08 16:33:09.315263'),(40,'invoices','0023_certificate_course_code_certificateupload','2024-08-08 16:33:09.683285'),(41,'invoices','0024_alter_course_code','2024-08-08 16:33:09.827590'),(42,'invoices','0025_certificate_certificate_type_and_more','2024-08-08 16:33:10.128124'),(43,'invoices','0026_registration_emirates','2024-08-08 16:33:10.209805'),(44,'sessions','0001_initial','2024-08-08 16:33:10.327355'),(45,'invoices','0027_formupload','2024-08-11 11:19:28.731076'),(46,'invoices','0028_invoice_class_type_registration_class_type','2024-08-17 08:26:16.890010'),(47,'invoices','0029_alter_invoice_discount','2024-08-18 12:29:28.333344'),(48,'invoices','0027_course_batch_rate_course_online_rate_and_more','2024-09-09 10:08:47.632938'),(49,'invoices','0028_remove_companyprofile_user_and_more','2024-09-09 10:08:47.648270'),(50,'invoices','0029_companyprofile_user_trainerprofile_user','2024-09-09 10:08:47.659661'),(51,'invoices','0030_remove_companyprofile_user_and_more','2024-09-09 10:09:17.718282'),(52,'invoices','0031_companyprofile_user_trainerprofile_user','2024-09-09 10:09:48.124039'),(53,'invoices','0032_alter_quotationitem_duration','2024-09-17 10:46:38.417240'),(54,'invoices','0033_alter_trainerprofile_name','2024-09-17 13:00:58.112286');
/*!40000 ALTER TABLE `django_migrations` ENABLE KEYS */;
UNLOCK TABLES;

--
-- Table structure for table `django_session`
--

DROP TABLE IF EXISTS `django_session`;
/*!40101 SET @saved_cs_client     = @@character_set_client */;
/*!50503 SET character_set_client = utf8mb4 */;
CREATE TABLE `django_session` (
  `session_key` varchar(40) NOT NULL,
  `session_data` longtext NOT NULL,
  `expire_date` datetime(6) NOT NULL,
  PRIMARY KEY (`session_key`),
  KEY `django_session_expire_date_a5c62663` (`expire_date`)
) ENGINE=InnoDB DEFAULT CHARSET=utf8mb3;
/*!40101 SET character_set_client = @saved_cs_client */;

--
-- Dumping data for table `django_session`
--

LOCK TABLES `django_session` WRITE;
/*!40000 ALTER TABLE `django_session` DISABLE KEYS */;
INSERT INTO `django_session` VALUES ('037jidxytad21tnnqwrjhwe0x1mi5czs','.eJxVjEEOwiAQAP_C2ZACC4sevfsGsrBUqgaS0p6MfzckPeh1ZjJvEWjfSth7XsPC4iK0OP2ySOmZ6xD8oHpvMrW6rUuUI5GH7fLWOL-uR_s3KNTL2E6ZtEdU3s9Ww9l4x8wasgXvADV61pENKOUmo5ANEavZYXJoU44gPl-yGTbu:1tuZFh:dUHfXAThESFGZ4MdcCBVGY862IRtTi3521Ukp5kOAJk','2025-04-01 15:53:13.991134'),('06dxsgfld17ppbhyg9ilu4lsvr441wqa','.eJxVjDEOwyAQBP9CHaEDwxlSpvcbEBwQnEQgGbuK8vfYkouk2WJndt_M-W0tbutpcXNkV6ZGdvktg6dnqgeJD1_vjVOr6zIHfij8pJ1PLabX7XT_DorvZV9LBUiDVEgCCSHmIIcoE1qTM2opICRrEQzASDkPSWpN2uwJwmcjFPt8AeutNxc:1toHi2:Vy6z3u2nNVkxSpMQaR4P73I1xiBwKeVmYSVcDmDrmZI','2025-03-15 07:56:30.750188'),('06xizs7h4wuicjz4vy0u6fctviwctwuh','.eJxVjDEOwyAQBP9CHaEDwxlSpvcbEBwQnEQgGbuK8vfYkouk2WJndt_M-W0tbutpcXNkV6ZGdvktg6dnqgeJD1_vjVOr6zIHfij8pJ1PLabX7XT_DorvZV9LBUiDVEgCCSHmIIcoE1qTM2opICRrEQzASDkPSWpN2uwJwmcjFPt8AeutNxc:1ty8PV:Iz0mcjbLUPy-3eccApAp-oeAAxVq9Oin0Fs-QB_U6hQ','2025-04-11 12:02:05.137959'),('0a8cz09opj8oudm54a3k61wnkuzbeh4w','.eJxVjMsOwiAQRf-FtSG8yqBL9_0GAjOjVA0kpV0Z_92QdKHbe865bxHTvpW4d17jQuIirDj9bjnhk-sA9Ej13iS2uq1LlkORB-1ybsSv6-H-HZTUy6jZZ1ITKmMhUCDvQDvlctZ0M6gcaWfJAPoAEDA4tsRsmc5KmykgiM8X4Ac3pg:1tL2K7:A4ZUVz5ECDZigqtRISpWHRkFAR5_6v95mmu1Det6MrY','2024-12-24 15:38:55.638028'),('0t9947f8m6gs0oxfexp0xyh4tyx6vh00','.eJxVjEEOwiAQAP_C2ZACC4sevfsGsrBUqgaS0p6MfzckPeh1ZjJvEWjfSth7XsPC4iK0OP2ySOmZ6xD8oHpvMrW6rUuUI5GH7fLWOL-uR_s3KNTL2E6ZtEdU3s9Ww9l4x8wasgXvADV61pENKOUmo5ANEavZYXJoU44gPl-yGTbu:1t5LxC:y43WoMvATBVMDuiEU1RmGeD48w8NuTW4PZ8JdNn4nsQ','2024-11-11 09:22:26.059214'),('1wr7mfb7a5bh4f4bq007debc4k1k1lb6','.eJxVjEEOwiAQAP_C2ZACC4sevfsGsrBUqgaS0p6MfzckPeh1ZjJvEWjfSth7XsPC4iK0OP2ySOmZ6xD8oHpvMrW6rUuUI5GH7fLWOL-uR_s3KNTL2E6ZtEdU3s9Ww9l4x8wasgXvADV61pENKOUmo5ANEavZYXJoU44gPl-yGTbu:1u2oHW:6rycSgzDUNn0I0NovvUVVog56dVBEoslAS9yp-rHpB8','2025-04-24 09:33:10.211335'),('25cyi84m3oqjl5ig0xbkv2m91w2nek1r','.eJxVjDsOwjAQBe_iGlkb_-JQ0nMGy7tr4wCypTipEHeHSCmgfTPzXiLEbS1h62kJM4uzMOL0u2GkR6o74Hustyap1XWZUe6KPGiX18bpeTncv4MSe_nWOuektAZ04DQTQTZmZDuMHiGCYU44EU85KsWkBg9AySORdQ7Z2izeH_a0OLA:1t0h8q:pssg9VakffnRAwyEf7-LXJ7ow63GiouOix4UoeBTieg','2024-10-29 12:59:12.877936'),('316mefgjfe3xmpfhfjvvf6zsa1aw3xuz','.eJxVjMsOwiAQRf-FtSG8yqBL9_0GAjOjVA0kpV0Z_92QdKHbe865bxHTvpW4d17jQuIirDj9bjnhk-sA9Ej13iS2uq1LlkORB-1ybsSv6-H-HZTUy6jZZ1ITKmMhUCDvQDvlctZ0M6gcaWfJAPoAEDA4tsRsmc5KmykgiM8X4Ac3pg:1snxVP:RwOe2xHlUYtHdkUhmhauEw8g0Q9L0wPvoK4j2Yezr-c','2024-09-24 09:49:51.139952'),('36zxpy4ht95mc9hqjt5glh71wjlion2h','.eJxVjEEOwiAQRe_C2hCYQgdcuvcMhBlAqoYmpV0Z765NutDtf-_9lwhxW2vYel7ClMRZGCdOvyNFfuS2k3SP7TZLntu6TCR3RR60y-uc8vNyuH8HNfb6rdGUpNhwpgIlM46oC1KmwSjnrY9skwevARSSYtBoh6INasCRnUpFvD8fpTfg:1toH58:xg41exeTMkxzqTd-G8lwIRshEhoFw1uaSWhG6fa0fAk','2025-03-15 07:16:18.530536'),('48a1i27dlxcoqmegfifl3fhickv39ilg','.eJxVjEEOwiAQAP_C2ZACC4sevfsGsrBUqgaS0p6MfzckPeh1ZjJvEWjfSth7XsPC4iK0OP2ySOmZ6xD8oHpvMrW6rUuUI5GH7fLWOL-uR_s3KNTL2E6ZtEdU3s9Ww9l4x8wasgXvADV61pENKOUmo5ANEavZYXJoU44gPl-yGTbu:1t0iR6:hklA72HfOi_E_NC1Zn97ucaqtYZnT2S14tT7GzifmvU','2024-10-29 14:22:08.566309'),('4p9gnu9t764arb8n380pynklhaq983j0','.eJxVjDEOwyAQBP9CHaEDwxlSpvcbEBwQnEQgGbuK8vfYkouk2WJndt_M-W0tbutpcXNkV6ZGdvktg6dnqgeJD1_vjVOr6zIHfij8pJ1PLabX7XT_DorvZV9LBUiDVEgCCSHmIIcoE1qTM2opICRrEQzASDkPSWpN2uwJwmcjFPt8AeutNxc:1u4FkA:TQgO6ftIggO0HclD6AM2MoTzK7IRTynAy92ybJdznHo','2025-04-28 09:04:42.817599'),('5bssmsrglie7yfid510doq89yeusiy4w','.eJxVjDsOwjAQBe_iGln-26Kk5wzWer2LA8iR4qRC3B0ipYD2zcx7iQzb2vI2aMlTFWdhxOl3K4AP6juod-i3WeLc12UqclfkQYe8zpWel8P9O2gw2rcu2iAobatG5z2nkJxTjj0jKwNoIhACsWWvfSoFFevgbLSeUnExBfH-AOp2N_U:1sdlnN:a9xAxXG6OpTIBqFSjOswg1xDpR8sr9wLwZRX7DH4yC0','2024-08-27 07:18:17.383472'),('5i3wpvn2xi3md0cwjjw7meitm41c8gt7','.eJxVjMsOwiAQRf-FtSG8yqBL9_0GAjOjVA0kpV0Z_92QdKHbe865bxHTvpW4d17jQuIirDj9bjnhk-sA9Ej13iS2uq1LlkORB-1ybsSv6-H-HZTUy6jZZ1ITKmMhUCDvQDvlctZ0M6gcaWfJAPoAEDA4tsRsmc5KmykgiM8X4Ac3pg:1st6UP:exZnj7eciWcE6s3pZAE2UdfVloUH0GKLerbEGINAcfw','2024-10-08 14:26:05.304371'),('5ncbj47y6n443onlwq78pdfabypzuon7','.eJxVjDsOwjAQBe_iGll6sR1sSnrOYG121ziAEimfKuLuECkFtG9m3mYyrUvN66xT7sVcjDOn360jfuqwA3nQcB8tj8My9Z3dFXvQ2d5G0df1cP8OKs31WxMDEig1ggLmEABQLK0Qi_fg6ICkmlxktOp98bFNZ3UicFrQmPcH78M3-w:1sfwGx:jJ8Da9_0eUUDDmxRDXHCI28vBScC8SszjyCHxTJ7GNo','2024-09-02 06:53:47.034656'),('8be1womt31xxopedyo6gxi4ydpelqlli','.eJxVjEEOwiAQAP_C2ZACC4sevfsGsrBUqgaS0p6MfzckPeh1ZjJvEWjfSth7XsPC4iK0OP2ySOmZ6xD8oHpvMrW6rUuUI5GH7fLWOL-uR_s3KNTL2E6ZtEdU3s9Ww9l4x8wasgXvADV61pENKOUmo5ANEavZYXJoU44gPl-yGTbu:1tWYeb:nwyF9TttvRPusuAxY59GQGxyJj3qUwSDVTmONoa1nYI','2025-01-25 10:23:41.781899'),('8nchyysydjbda0eq5q83fhz203c60n9p','.eJxVjMsOwiAQRf-FtSG8yqBL9_0GAjOjVA0kpV0Z_92QdKHbe865bxHTvpW4d17jQuIirDj9bjnhk-sA9Ej13iS2uq1LlkORB-1ybsSv6-H-HZTUy6jZZ1ITKmMhUCDvQDvlctZ0M6gcaWfJAPoAEDA4tsRsmc5KmykgiM8X4Ac3pg:1tKveS:65iwpZrEmkvCDpmflO_54yTfGZvmA84OXBbFmeGN_tc','2024-12-24 08:31:28.712242'),('92edq6vxi1qu2mpd1teb88h7c9srka4u','.eJxVjMsOwiAQRf-FtSG8yqBL9_0GAjOjVA0kpV0Z_92QdKHbe865bxHTvpW4d17jQuIirDj9bjnhk-sA9Ej13iS2uq1LlkORB-1ybsSv6-H-HZTUy6jZZ1ITKmMhUCDvQDvlctZ0M6gcaWfJAPoAEDA4tsRsmc5KmykgiM8X4Ac3pg:1tbIBe:pklfruyRzWE5klIJEhjxSQIDynn-n4AvRpoQTj8S-lI','2025-02-07 11:49:22.277065'),('afjbw9dnq1eq8u82no3fmwv5flrth9qs','.eJxVjMsOwiAQRf-FtSG8yqBL9_0GAjOjVA0kpV0Z_92QdKHbe865bxHTvpW4d17jQuIirDj9bjnhk-sA9Ej13iS2uq1LlkORB-1ybsSv6-H-HZTUy6jZZ1ITKmMhUCDvQDvlctZ0M6gcaWfJAPoAEDA4tsRsmc5KmykgiM8X4Ac3pg:1tKIxV:IScOR6DJTtw0XsRRqQPL0oIGsxadcm21yIfd-2EGFtI','2024-12-22 15:12:33.082849'),('agoumweob1860gd6w8834udwc849856e','.eJxVjMsOwiAQRf-FtSG8yqBL9_0GAjOjVA0kpV0Z_92QdKHbe865bxHTvpW4d17jQuIirDj9bjnhk-sA9Ej13iS2uq1LlkORB-1ybsSv6-H-HZTUy6jZZ1ITKmMhUCDvQDvlctZ0M6gcaWfJAPoAEDA4tsRsmc5KmykgiM8X4Ac3pg:1tFa1K:akbQyura5Usbte_5lGUwTX7o0mv9QEjbW0gd3qrZpiU','2024-12-09 14:24:58.957665'),('arn1uvpjyoscp621avg7eo1xekb49x6z','.eJxVjEEOwiAQAP_C2ZACC4sevfsGsrBUqgaS0p6MfzckPeh1ZjJvEWjfSth7XsPC4iK0OP2ySOmZ6xD8oHpvMrW6rUuUI5GH7fLWOL-uR_s3KNTL2E6ZtEdU3s9Ww9l4x8wasgXvADV61pENKOUmo5ANEavZYXJoU44gPl-yGTbu:1tOY61:-v6chTQI6RCMQbHxD3leFLhyyiIWiF7T85_lnULZR3g','2025-01-03 08:10:53.667476'),('asubq38orqn2zy0d713rebtbe81kqgvr','.eJxVjMsOwiAQRf-FtSG8yqBL9_0GAjOjVA0kpV0Z_92QdKHbe865bxHTvpW4d17jQuIirDj9bjnhk-sA9Ej13iS2uq1LlkORB-1ybsSv6-H-HZTUy6jZZ1ITKmMhUCDvQDvlctZ0M6gcaWfJAPoAEDA4tsRsmc5KmykgiM8X4Ac3pg:1tRSnO:cr_pW7SLRrvnSZBGMhMx384dKLBmfKK_bnQmiV03Zgg','2025-01-11 09:07:42.476203'),('bexnzhk6yz1ptybnrkw3dhidrepw7zsd','.eJxVjMsOwiAQRf-FtSG8yqBL9_0GAjOjVA0kpV0Z_92QdKHbe865bxHTvpW4d17jQuIirDj9bjnhk-sA9Ej13iS2uq1LlkORB-1ybsSv6-H-HZTUy6jZZ1ITKmMhUCDvQDvlctZ0M6gcaWfJAPoAEDA4tsRsmc5KmykgiM8X4Ac3pg:1tUocm:EUtC68vXQktxMCBc-M5RRxZ1dn51e0OH4-J-gShJY9E','2025-01-20 15:02:36.756767'),('c7eto5e0kgurwvlagt0thr2487gp35o3','.eJxVjMsOwiAQRf-FtSG8yqBL9_0GAjOjVA0kpV0Z_92QdKHbe865bxHTvpW4d17jQuIirDj9bjnhk-sA9Ej13iS2uq1LlkORB-1ybsSv6-H-HZTUy6jZZ1ITKmMhUCDvQDvlctZ0M6gcaWfJAPoAEDA4tsRsmc5KmykgiM8X4Ac3pg:1tRSja:UGxq4R6WPeCqLSrSQvmBfQoSMenA9twDRJhP818AKMY','2025-01-11 09:03:46.303409'),('c8s2fhrqwvhbjit2tbvycae5wuh6cxhm','.eJxVjEEOwiAQRe_C2hCYQgdcuvcMhBlAqoYmpV0Z765NutDtf-_9lwhxW2vYel7ClMRZGCdOvyNFfuS2k3SP7TZLntu6TCR3RR60y-uc8vNyuH8HNfb6rdGUpNhwpgIlM46oC1KmwSjnrY9skwevARSSYtBoh6INasCRnUpFvD8fpTfg:1ttmtq:FLUnnicmTQPjFBu2fcqWJ19hux8l2ra7yxwb1VVv11g','2025-03-30 12:15:26.783139'),('cj6ivb3zb5bsco41l7kkfu2hg35oc4s3','.eJxVjDsOwjAQBe_iGln4t7Yp6XMGa71r4wBKpDipEHeHSCmgfTPzXiLhtra09bKkkcVFWHH63TLSo0w74DtOt1nSPK3LmOWuyIN2OcxcntfD_Tto2Nu3Rg2aQ4B4hugD1UBOYQEbXcWodQaF3rEmYm-MysY5D2CYrOMamKN4fwDOIjeU:1scnIi:xZD4TmJW8dqBSkho7MhR9abluFWInUj3R-J3IfjdrS4','2024-08-24 14:42:36.486802'),('clbov6ruk60n31t8q51kzowl9ylaq7by','.eJxVjEEOwiAQAP_C2ZACC4sevfsGsrBUqgaS0p6MfzckPeh1ZjJvEWjfSth7XsPC4iK0OP2ySOmZ6xD8oHpvMrW6rUuUI5GH7fLWOL-uR_s3KNTL2E6ZtEdU3s9Ww9l4x8wasgXvADV61pENKOUmo5ANEavZYXJoU44gPl-yGTbu:1tkJAx:Z_f1j2FT8MODcICYoyGbU2Ac_W7K7rgjLGcGMkpZou4','2025-03-04 08:41:55.070080'),('csz052mot5f3zwbnh0qhdonx2wx4x68z','.eJxVjMsOwiAQRf-FtSG8yqBL9_0GAjOjVA0kpV0Z_92QdKHbe865bxHTvpW4d17jQuIirDj9bjnhk-sA9Ej13iS2uq1LlkORB-1ybsSv6-H-HZTUy6jZZ1ITKmMhUCDvQDvlctZ0M6gcaWfJAPoAEDA4tsRsmc5KmykgiM8X4Ac3pg:1tKutN:TMfZiJi667ghrTLUOXkZeuFoF6Yrxz2h5ynlfCA-y28','2024-12-24 07:42:49.073813'),('d1dglob91vg7tpylug2i55cewun8wvqz','.eJxVjEEOwiAQAP_C2ZACC4sevfsGsrBUqgaS0p6MfzckPeh1ZjJvEWjfSth7XsPC4iK0OP2ySOmZ6xD8oHpvMrW6rUuUI5GH7fLWOL-uR_s3KNTL2E6ZtEdU3s9Ww9l4x8wasgXvADV61pENKOUmo5ANEavZYXJoU44gPl-yGTbu:1tL1HQ:QQEG-S-Xo0MK3gw3Ny_HXGM2YZhkITPuZaCwn8H9Ong','2024-12-24 14:32:04.669607'),('d24vapaaf2bau8okc46lh9o99g49y6ut','.eJxVjEEOwiAQAP_C2ZACC4sevfsGsrBUqgaS0p6MfzckPeh1ZjJvEWjfSth7XsPC4iK0OP2ySOmZ6xD8oHpvMrW6rUuUI5GH7fLWOL-uR_s3KNTL2E6ZtEdU3s9Ww9l4x8wasgXvADV61pENKOUmo5ANEavZYXJoU44gPl-yGTbu:1tD0rN:QFUwqZpLUU9KVKcNXx02U_hIcd70ozzzkPih7_PWZY8','2024-12-02 12:28:05.972623'),('e95ynp89roz05rzhiiz8b2grqltug3ch','.eJxVjEEOwiAQAP_C2ZACC4sevfsGsrBUqgaS0p6MfzckPeh1ZjJvEWjfSth7XsPC4iK0OP2ySOmZ6xD8oHpvMrW6rUuUI5GH7fLWOL-uR_s3KNTL2E6ZtEdU3s9Ww9l4x8wasgXvADV61pENKOUmo5ANEavZYXJoU44gPl-yGTbu:1tNu7s:ehEuthVp7aV6SzqrpH-Pi9Sx5TTjauFczZbhD6Rqufk','2025-01-01 13:30:08.382894'),('eyqnwru68mv2c831udkrjl2xorfvx8xh','.eJxVjMsOwiAQRf-FtSG8yqBL9_0GAjOjVA0kpV0Z_92QdKHbe865bxHTvpW4d17jQuIirDj9bjnhk-sA9Ej13iS2uq1LlkORB-1ybsSv6-H-HZTUy6jZZ1ITKmMhUCDvQDvlctZ0M6gcaWfJAPoAEDA4tsRsmc5KmykgiM8X4Ac3pg:1t9LdG:wd6mWBJJnjMIT_YgL4BAd5355qNSKFqWyQc4HMyI21o','2024-11-22 09:50:22.262808'),('fn6mmrmstex9axogrmjdhplqakxnprn9','.eJxVjEEOwiAQAP_C2ZACC4sevfsGsrBUqgaS0p6MfzckPeh1ZjJvEWjfSth7XsPC4iK0OP2ySOmZ6xD8oHpvMrW6rUuUI5GH7fLWOL-uR_s3KNTL2E6ZtEdU3s9Ww9l4x8wasgXvADV61pENKOUmo5ANEavZYXJoU44gPl-yGTbu:1tgObl:_x4k2BlIws3p1ZEDLtVNVGD74WjuASDpCUKWSZgqtMY','2025-02-21 13:41:25.237606'),('fq89oat0vdadc025l2x45eteyydfzrm9','.eJxVjEEOwiAQAP_C2ZACC4sevfsGsrBUqgaS0p6MfzckPeh1ZjJvEWjfSth7XsPC4iK0OP2ySOmZ6xD8oHpvMrW6rUuUI5GH7fLWOL-uR_s3KNTL2E6ZtEdU3s9Ww9l4x8wasgXvADV61pENKOUmo5ANEavZYXJoU44gPl-yGTbu:1tB7tB:T0s79IyiFb7_3o6iytgHhyBc68QWCfHDPcbFEOX4O3s','2024-11-27 07:34:09.694465'),('gaf0j3fdcnva6xoijkjrto1vxl7f80yl','.eJxVjDsOwjAQBe_iGln-26Kk5wzWer2LA8iR4qRC3B0ipYD2zcx7iQzb2vI2aMlTFWdhxOl3K4AP6juod-i3WeLc12UqclfkQYe8zpWel8P9O2gw2rcu2iAobatG5z2nkJxTjj0jKwNoIhACsWWvfSoFFevgbLSeUnExBfH-AOp2N_U:1sd6j2:O4q1KoRfa-F2V65CBU5IR_nRl6Hikxe_DHU7cDQjCgI','2024-08-25 11:27:04.631388'),('hbyxz1j2ts7c1zvzrzuygr212t9hc0vd','.eJxVjDsOwjAQBe_iGlkb_-JQ0nMGy7tr4wCypTipEHeHSCmgfTPzXiLEbS1h62kJM4uzMOL0u2GkR6o74Hustyap1XWZUe6KPGiX18bpeTncv4MSe_nWOuektAZ04DQTQTZmZDuMHiGCYU44EU85KsWkBg9AySORdQ7Z2izeH_a0OLA:1tErN2:SxVrSDV4NKUyTnXRbMkVZeYctaNtk3D3E91xtFt7GWw','2024-12-07 14:44:24.286530'),('hek3myu4wunzykzapfygal64eh694c4u','.eJxVjDsOwjAQBe_iGln-26Kk5wzWer2LA8iR4qRC3B0ipYD2zcx7iQzb2vI2aMlTFWdhxOl3K4AP6juod-i3WeLc12UqclfkQYe8zpWel8P9O2gw2rcu2iAobatG5z2nkJxTjj0jKwNoIhACsWWvfSoFFevgbLSeUnExBfH-AOp2N_U:1sdlnO:qQrVbldhnkekgZmshmJYbY4gvs2ee3MJHzQ1y4l93aI','2024-08-27 07:18:18.265163'),('hfww8hvcyz7xvepvywnlp77bb1ni8n3w','.eJxVjMsOwiAQRf-FtSG8yqBL9_0GAjOjVA0kpV0Z_92QdKHbe865bxHTvpW4d17jQuIirDj9bjnhk-sA9Ej13iS2uq1LlkORB-1ybsSv6-H-HZTUy6jZZ1ITKmMhUCDvQDvlctZ0M6gcaWfJAPoAEDA4tsRsmc5KmykgiM8X4Ac3pg:1tEo3O:jOpZepZH7Md7Ba8u1OUCpUZFZt98tQKuOGYaCfDDuSw','2024-12-07 11:11:54.258244'),('hlfgzpbxx8360a3kbuhv7f21u6czah9m','.eJxVjDsOwjAQBe_iGlkb_-JQ0nMGy7tr4wCypTipEHeHSCmgfTPzXiLEbS1h62kJM4uzMOL0u2GkR6o74Hustyap1XWZUe6KPGiX18bpeTncv4MSe_nWOuektAZ04DQTQTZmZDuMHiGCYU44EU85KsWkBg9AySORdQ7Z2izeH_a0OLA:1svFi9:TKAg_KTZbvLhciFWIcNIUoh3AQLpq5D0gtjJoQah23A','2024-10-14 12:41:09.444616'),('htdg8dcsgarod41dtgmmqyi6nlm9l10h','.eJxVjEEOwiAQAP_C2ZACC4sevfsGsrBUqgaS0p6MfzckPeh1ZjJvEWjfSth7XsPC4iK0OP2ySOmZ6xD8oHpvMrW6rUuUI5GH7fLWOL-uR_s3KNTL2E6ZtEdU3s9Ww9l4x8wasgXvADV61pENKOUmo5ANEavZYXJoU44gPl-yGTbu:1tL0JF:LxRH8Hi5R6nq-4NFw9x5DscEFigHEPkHASzKAaq4bp0','2024-12-24 13:29:53.459519'),('i3s36e5x90ikwytp22dzxifql5u8akqq','.eJxVjEEOwiAQAP_C2ZACC4sevfsGsrBUqgaS0p6MfzckPeh1ZjJvEWjfSth7XsPC4iK0OP2ySOmZ6xD8oHpvMrW6rUuUI5GH7fLWOL-uR_s3KNTL2E6ZtEdU3s9Ww9l4x8wasgXvADV61pENKOUmo5ANEavZYXJoU44gPl-yGTbu:1so1sZ:R4iIXDJol9Lu-goCZDJCoUhU_fI7XxbejRDajg2HPkc','2024-09-24 14:30:03.769608'),('icqg4nrt4fg6gmcat55lgok8zz9twy8s','.eJxVjDsOwjAQBe_iGln-26Kk5wzWer2LA8iR4qRC3B0ipYD2zcx7iQzb2vI2aMlTFWdhxOl3K4AP6juod-i3WeLc12UqclfkQYe8zpWel8P9O2gw2rcu2iAobatG5z2nkJxTjj0jKwNoIhACsWWvfSoFFevgbLSeUnExBfH-AOp2N_U:1sgP0L:sqVksSP6ogbF18MYzZqnYVIb3pBhFNRV1stFeeI__9w','2024-09-03 13:34:33.376041'),('iureaz43gk2eari4p6gaqyvd38vtwj4u','.eJxVjMsOwiAQRf-FtSG8yqBL9_0GAjOjVA0kpV0Z_92QdKHbe865bxHTvpW4d17jQuIirDj9bjnhk-sA9Ej13iS2uq1LlkORB-1ybsSv6-H-HZTUy6jZZ1ITKmMhUCDvQDvlctZ0M6gcaWfJAPoAEDA4tsRsmc5KmykgiM8X4Ac3pg:1tVAWJ:KeUlJOEDRUTK9kWL0MavSOWW7Q-Hhgb9ZQL-7VSy_zM','2025-01-21 14:25:23.711986'),('j1yxofupyfxhzm762ig3q6rkaxqwk9ue','.eJxVjMsOwiAQRf-FtSG8yqBL9_0GAjOjVA0kpV0Z_92QdKHbe865bxHTvpW4d17jQuIirDj9bjnhk-sA9Ej13iS2uq1LlkORB-1ybsSv6-H-HZTUy6jZZ1ITKmMhUCDvQDvlctZ0M6gcaWfJAPoAEDA4tsRsmc5KmykgiM8X4Ac3pg:1u0hZR:0v5HEL2n0tqDmfpUlDpGvuWKe_juIKw8AyLYnQ9zJTk','2025-04-18 13:58:57.740607'),('jfp3g2y0nkrtxmt60rm80anu5p6tng22','.eJxVjDsOwjAQBe_iGlkb_-JQ0nMGy7tr4wCypTipEHeHSCmgfTPzXiLEbS1h62kJM4uzMOL0u2GkR6o74Hustyap1XWZUe6KPGiX18bpeTncv4MSe_nWOuektAZ04DQTQTZmZDuMHiGCYU44EU85KsWkBg9AySORdQ7Z2izeH_a0OLA:1t6r5e:Bj_0y9uURlufRmrmSvBskMLyB_8KNSg0LvrteAoXOi4','2024-11-15 12:49:22.919747'),('jgludx7dyg53gke6iye3vxe9evt4d8fh','.eJxVjMsOwiAQRf-FtSG8yqBL9_0GAjOjVA0kpV0Z_92QdKHbe865bxHTvpW4d17jQuIirDj9bjnhk-sA9Ej13iS2uq1LlkORB-1ybsSv6-H-HZTUy6jZZ1ITKmMhUCDvQDvlctZ0M6gcaWfJAPoAEDA4tsRsmc5KmykgiM8X4Ac3pg:1tKvjz:2kIoRoPhMQaT-AMFGAjHqm8foFmJKYwfw5mi2UfMFGU','2024-12-24 08:37:11.162995'),('jvy0wuhs7rd74hc237nfkxlx698jfiiq','.eJxVjDsOwjAQBe_iGll6sR1sSnrOYG121ziAEimfKuLuECkFtG9m3mYyrUvN66xT7sVcjDOn360jfuqwA3nQcB8tj8My9Z3dFXvQ2d5G0df1cP8OKs31WxMDEig1ggLmEABQLK0Qi_fg6ICkmlxktOp98bFNZ3UicFrQmPcH78M3-w:1shoYV:66dmo3giCNlwLYkzxPwj1jQew1-6wCT-zGzUeZyNkfc','2024-09-07 11:03:39.144236'),('jwlqem4dqs2l4wwyvkqxzscyf2v2fctm','.eJxVjEEOwiAQAP_C2ZACC4sevfsGsrBUqgaS0p6MfzckPeh1ZjJvEWjfSth7XsPC4iK0OP2ySOmZ6xD8oHpvMrW6rUuUI5GH7fLWOL-uR_s3KNTL2E6ZtEdU3s9Ww9l4x8wasgXvADV61pENKOUmo5ANEavZYXJoU44gPl-yGTbu:1tM3gD:lDDeOJXMdn6hD6DazrqTj7burnmhY6237mNixcdeZFc','2024-12-27 11:17:57.192995'),('k2lcsrv24rj4bqtzkbq089fmn8qd29ni','.eJxVjEEOwiAQAP_C2ZACC4sevfsGsrBUqgaS0p6MfzckPeh1ZjJvEWjfSth7XsPC4iK0OP2ySOmZ6xD8oHpvMrW6rUuUI5GH7fLWOL-uR_s3KNTL2E6ZtEdU3s9Ww9l4x8wasgXvADV61pENKOUmo5ANEavZYXJoU44gPl-yGTbu:1u4Lyd:kzMgt3oBoz9GY7aqjsI16RnsuyDLY_1RdAKOA6JE8iM','2025-04-28 15:44:03.643654'),('lywlfkgk1scwf1rdq02nlucazq6spkfu','.eJxVjDsOwjAQBe_iGln-26Kk5wzWer2LA8iR4qRC3B0ipYD2zcx7iQzb2vI2aMlTFWdhxOl3K4AP6juod-i3WeLc12UqclfkQYe8zpWel8P9O2gw2rcu2iAobatG5z2nkJxTjj0jKwNoIhACsWWvfSoFFevgbLSeUnExBfH-AOp2N_U:1sclPc:GldPciw_U6HrYeR6WKIEshOUW1TBfstQWF-EWwuOACg','2024-08-24 12:41:36.953915'),('ma8dv6w81lsjywet6matsnvbd1yycl0r','.eJxVjEEOwiAQAP_C2ZACC4sevfsGsrBUqgaS0p6MfzckPeh1ZjJvEWjfSth7XsPC4iK0OP2ySOmZ6xD8oHpvMrW6rUuUI5GH7fLWOL-uR_s3KNTL2E6ZtEdU3s9Ww9l4x8wasgXvADV61pENKOUmo5ANEavZYXJoU44gPl-yGTbu:1svJGZ:gbdhG3_lTC2YcnbQ6xZZWkkhXOOGaGj53sm_GDlP6MM','2024-10-14 16:28:55.410287'),('mpnt2t8moda41jspzys1z2zzfo61q780','.eJxVjEEOwiAQAP_C2ZACC4sevfsGsrBUqgaS0p6MfzckPeh1ZjJvEWjfSth7XsPC4iK0OP2ySOmZ6xD8oHpvMrW6rUuUI5GH7fLWOL-uR_s3KNTL2E6ZtEdU3s9Ww9l4x8wasgXvADV61pENKOUmo5ANEavZYXJoU44gPl-yGTbu:1snJuP:CrYKlcbMB57KCHcJAy__PC6MlrqsxkUwZvvYyp2BvSk','2024-09-22 15:33:01.399009'),('oqpkd49m8lfrynnfofgbwncqh7u0odv2','.eJxVjEEOwiAQAP_C2ZACC4sevfsGsrBUqgaS0p6MfzckPeh1ZjJvEWjfSth7XsPC4iK0OP2ySOmZ6xD8oHpvMrW6rUuUI5GH7fLWOL-uR_s3KNTL2E6ZtEdU3s9Ww9l4x8wasgXvADV61pENKOUmo5ANEavZYXJoU44gPl-yGTbu:1trcL1:mOjsavzRhV7MAqw6A9qkoropHdTwgsb-nc6hqVWHUXg','2025-03-24 12:34:31.077794'),('pk6w3ycna8o8fatlf5ye9vjcsx6vhaxe','.eJxVjEEOwiAQRe_C2hCYQgdcuvcMhBlAqoYmpV0Z765NutDtf-_9lwhxW2vYel7ClMRZGCdOvyNFfuS2k3SP7TZLntu6TCR3RR60y-uc8vNyuH8HNfb6rdGUpNhwpgIlM46oC1KmwSjnrY9skwevARSSYtBoh6INasCRnUpFvD8fpTfg:1toH45:RpYX3jnN85wDygNuF6kXrJpNWq9QTXTvKhtje36dnsU','2025-03-15 07:15:13.530053'),('pkcfqme31cxrocvgszrcqb4bzbv4bptv','.eJxVjMsOwiAQRf-FtSG8yqBL9_0GAjOjVA0kpV0Z_92QdKHbe865bxHTvpW4d17jQuIirDj9bjnhk-sA9Ej13iS2uq1LlkORB-1ybsSv6-H-HZTUy6jZZ1ITKmMhUCDvQDvlctZ0M6gcaWfJAPoAEDA4tsRsmc5KmykgiM8X4Ac3pg:1tzxDO:1mjowuL-z05C5OiFT6ah6EZtxWcTzf4gvr-AhgaP7AU','2025-04-16 12:29:06.010617'),('px5y2ebb110xy4qkt27uegslyslz7umx','.eJxVjDsOwjAQBe_iGln-26Kk5wzWer2LA8iR4qRC3B0ipYD2zcx7iQzb2vI2aMlTFWdhxOl3K4AP6juod-i3WeLc12UqclfkQYe8zpWel8P9O2gw2rcu2iAobatG5z2nkJxTjj0jKwNoIhACsWWvfSoFFevgbLSeUnExBfH-AOp2N_U:1sfFLZ:6Uq7yVeRDmUFcD2PRO6RhDQugXLirBAZiUzZ-5XsFz4','2024-08-31 09:03:41.524373'),('q9melyzit8nfyjgxnxgq8n37qzgmrnf0','.eJxVjDsOwjAQBe_iGll6sR1sSnrOYG121ziAEimfKuLuECkFtG9m3mYyrUvN66xT7sVcjDOn360jfuqwA3nQcB8tj8My9Z3dFXvQ2d5G0df1cP8OKs31WxMDEig1ggLmEABQLK0Qi_fg6ICkmlxktOp98bFNZ3UicFrQmPcH78M3-w:1sfdfF:siABL9OonVcCHWGX4PFGZ6fg94VhdToi32kjEQBb7yI','2024-09-01 11:01:37.909276'),('qdt2paxwcm0my5lwm0gzaqjnww01cyxv','.eJxVjEEOwiAQAP_C2ZACC4sevfsGsrBUqgaS0p6MfzckPeh1ZjJvEWjfSth7XsPC4iK0OP2ySOmZ6xD8oHpvMrW6rUuUI5GH7fLWOL-uR_s3KNTL2E6ZtEdU3s9Ww9l4x8wasgXvADV61pENKOUmo5ANEavZYXJoU44gPl-yGTbu:1u40l8:aIFIQ6UWimiGm717ysLsRExUXWOE0mrm2yRdadcqXck','2025-04-27 17:04:42.759776'),('qlypasd2psd2xulmzvmhcdngr1o70nnw','.eJxVjMsOwiAQRf-FtSG8yqBL9_0GAjOjVA0kpV0Z_92QdKHbe865bxHTvpW4d17jQuIirDj9bjnhk-sA9Ej13iS2uq1LlkORB-1ybsSv6-H-HZTUy6jZZ1ITKmMhUCDvQDvlctZ0M6gcaWfJAPoAEDA4tsRsmc5KmykgiM8X4Ac3pg:1tVAbI:T6Q5TgyogkbFRWuWSH84AvKcD0bdKJXVAfenRPHzeJY','2025-01-21 14:30:32.283251'),('qvc2lpzoe07xu86io7rpwp6n8g96heot','.eJxVjMsOwiAQRf-FtSG8yqBL9_0GAjOjVA0kpV0Z_92QdKHbe865bxHTvpW4d17jQuIirDj9bjnhk-sA9Ej13iS2uq1LlkORB-1ybsSv6-H-HZTUy6jZZ1ITKmMhUCDvQDvlctZ0M6gcaWfJAPoAEDA4tsRsmc5KmykgiM8X4Ac3pg:1tSGaP:vVP5GUfMSrhIovo6Yj1Ch6UMjQYHb20_J_5n9rRwH4c','2025-01-13 14:17:37.085887'),('r27mimz6n6afdfogakbg84nmddaibvys','.eJxVjEEOwiAQAP_C2ZACC4sevfsGsrBUqgaS0p6MfzckPeh1ZjJvEWjfSth7XsPC4iK0OP2ySOmZ6xD8oHpvMrW6rUuUI5GH7fLWOL-uR_s3KNTL2E6ZtEdU3s9Ww9l4x8wasgXvADV61pENKOUmo5ANEavZYXJoU44gPl-yGTbu:1t7yDS:8kOkEZp1CcOsoy9PbJIWrGPwsCuFSuTvIhEIrhzV8_g','2024-11-18 14:38:02.409858'),('rjrxowq0nylz0io69l1v99peg7fdd0hb','.eJxVjMsOwiAQRf-FtSG8yqBL9_0GAjOjVA0kpV0Z_92QdKHbe865bxHTvpW4d17jQuIirDj9bjnhk-sA9Ej13iS2uq1LlkORB-1ybsSv6-H-HZTUy6jZZ1ITKmMhUCDvQDvlctZ0M6gcaWfJAPoAEDA4tsRsmc5KmykgiM8X4Ac3pg:1tt1uy:dtW0GxCy49WtysyFM9ca_DUooKHXjElc3iwOl8igtGo','2025-03-28 10:05:28.227203'),('rydjnijgauww74r14whgs5a2cf8pdxf3','.eJxVjMsOwiAQRf-FtSG8yqBL9_0GAjOjVA0kpV0Z_92QdKHbe865bxHTvpW4d17jQuIirDj9bjnhk-sA9Ej13iS2uq1LlkORB-1ybsSv6-H-HZTUy6jZZ1ITKmMhUCDvQDvlctZ0M6gcaWfJAPoAEDA4tsRsmc5KmykgiM8X4Ac3pg:1tkjvd:PP4lBe4HktQoX08HxiEAA_-IP1Azmusbv2F_VgPXRN8','2025-03-05 13:15:53.483264'),('s7xucu69v1usk2pecd9ay9k7rvxosvqo','.eJxVjMsOwiAQRf-FtSG8yqBL9_0GAjOjVA0kpV0Z_92QdKHbe865bxHTvpW4d17jQuIirDj9bjnhk-sA9Ej13iS2uq1LlkORB-1ybsSv6-H-HZTUy6jZZ1ITKmMhUCDvQDvlctZ0M6gcaWfJAPoAEDA4tsRsmc5KmykgiM8X4Ac3pg:1tlQ3r:n-2VYwEJhXqzgiRvCZbTx_B_wmBfC7fUtMEHD1SzXEw','2025-03-07 10:15:11.190477'),('sply7o7j0eoya6y44cb53a13maflshmz','.eJxVjEEOwiAQAP_C2ZACC4sevfsGsrBUqgaS0p6MfzckPeh1ZjJvEWjfSth7XsPC4iK0OP2ySOmZ6xD8oHpvMrW6rUuUI5GH7fLWOL-uR_s3KNTL2E6ZtEdU3s9Ww9l4x8wasgXvADV61pENKOUmo5ANEavZYXJoU44gPl-yGTbu:1th4E7:mBcOqbmjc3VcJxVgkjyAni1x8a30whUsJqFueu5Q0HE','2025-02-23 10:07:47.263770'),('spn8t2j2bt7l4c81e4o7up2f3r30qskd','.eJxVjDsOwjAQBe_iGln-26Kk5wzWer2LA8iR4qRC3B0ipYD2zcx7iQzb2vI2aMlTFWdhxOl3K4AP6juod-i3WeLc12UqclfkQYe8zpWel8P9O2gw2rcu2iAobatG5z2nkJxTjj0jKwNoIhACsWWvfSoFFevgbLSeUnExBfH-AOp2N_U:1sd6pF:BJ_-HzSKvlaIOwDsBJAx9feugD9sicTeR1tViijmckk','2024-08-25 11:33:29.682355'),('tdes0pajd451465uqobn4jx407gg6s47','.eJxVjEEOwiAQAP_C2ZACC4sevfsGsrBUqgaS0p6MfzckPeh1ZjJvEWjfSth7XsPC4iK0OP2ySOmZ6xD8oHpvMrW6rUuUI5GH7fLWOL-uR_s3KNTL2E6ZtEdU3s9Ww9l4x8wasgXvADV61pENKOUmo5ANEavZYXJoU44gPl-yGTbu:1tbyE4:_elOm1OfLVfBR6JAzYZ96OzNy2z10Ub3x6u_jG9IsZE','2025-02-09 08:42:40.127065'),('tlgipe873imqkxhdc8dtpjnarbax22cv','.eJxVjMsOwiAQRf-FtSG8yqBL9_0GAjOjVA0kpV0Z_92QdKHbe865bxHTvpW4d17jQuIirDj9bjnhk-sA9Ej13iS2uq1LlkORB-1ybsSv6-H-HZTUy6jZZ1ITKmMhUCDvQDvlctZ0M6gcaWfJAPoAEDA4tsRsmc5KmykgiM8X4Ac3pg:1tWvAl:K0nTBOQPKJV2CQ7dSNkhiLBBmyFwcQlPvtkau6II-m0','2025-01-26 10:26:23.755606'),('tzqros6f83ehu4m54et0j6f1uh6y2gnu','.eJxVjMsOwiAQRf-FtSG8yqBL9_0GAjOjVA0kpV0Z_92QdKHbe865bxHTvpW4d17jQuIirDj9bjnhk-sA9Ej13iS2uq1LlkORB-1ybsSv6-H-HZTUy6jZZ1ITKmMhUCDvQDvlctZ0M6gcaWfJAPoAEDA4tsRsmc5KmykgiM8X4Ac3pg:1sup2p:xLPKECdcoDbyO1RHsKKi9K1InMdN-gys03B8Zsye7Ug','2024-10-13 08:12:43.742775'),('urnpry1qg7fkp7jx0zix0hklxrp6fv4h','.eJxVjEEOwiAQAP_C2ZACC4sevfsGsrBUqgaS0p6MfzckPeh1ZjJvEWjfSth7XsPC4iK0OP2ySOmZ6xD8oHpvMrW6rUuUI5GH7fLWOL-uR_s3KNTL2E6ZtEdU3s9Ww9l4x8wasgXvADV61pENKOUmo5ANEavZYXJoU44gPl-yGTbu:1tpk8B:34GUzDqcpkLminqR90yS1dMM_s9ZtIE_3vJxZnwYFaE','2025-03-19 08:29:31.093842'),('vq9l9ejs1exbzddzz72t81htbk5tug1n','.eJxVjEEOwiAQAP_C2ZACC4sevfsGsrBUqgaS0p6MfzckPeh1ZjJvEWjfSth7XsPC4iK0OP2ySOmZ6xD8oHpvMrW6rUuUI5GH7fLWOL-uR_s3KNTL2E6ZtEdU3s9Ww9l4x8wasgXvADV61pENKOUmo5ANEavZYXJoU44gPl-yGTbu:1szzQT:zpyZtaOyXgg6nPuZMdB-Uq3BfVI2pQqZeaMeMipuNME','2024-10-27 14:18:29.442422'),('w57ifojj5uquwcn7kbi1cswkjh64ai75','.eJxVjEEOwiAQAP_C2ZACC4sevfsGsrBUqgaS0p6MfzckPeh1ZjJvEWjfSth7XsPC4iK0OP2ySOmZ6xD8oHpvMrW6rUuUI5GH7fLWOL-uR_s3KNTL2E6ZtEdU3s9Ww9l4x8wasgXvADV61pENKOUmo5ANEavZYXJoU44gPl-yGTbu:1tmUHO:Lk_H8jnmRpMPIMlISvR96Xu4TwTSwe90EFHP-z3ZiKY','2025-03-10 08:57:34.354765'),('webe4h9cx4fnsr9vlocvaalhn5sf81we','.eJxVjEEOwiAQAP_C2ZACC4sevfsGsrBUqgaS0p6MfzckPeh1ZjJvEWjfSth7XsPC4iK0OP2ySOmZ6xD8oHpvMrW6rUuUI5GH7fLWOL-uR_s3KNTL2E6ZtEdU3s9Ww9l4x8wasgXvADV61pENKOUmo5ANEavZYXJoU44gPl-yGTbu:1tx6OX:yrSpjzH903_aUrCUxga07FVDPyYSl7jrAvKcZN7_2pY','2025-04-08 15:40:49.004602'),('wegutd48k3449g6hlnpgfx9iods2l8vj','.eJxVjEEOwiAQAP_C2ZACC4sevfsGsrBUqgaS0p6MfzckPeh1ZjJvEWjfSth7XsPC4iK0OP2ySOmZ6xD8oHpvMrW6rUuUI5GH7fLWOL-uR_s3KNTL2E6ZtEdU3s9Ww9l4x8wasgXvADV61pENKOUmo5ANEavZYXJoU44gPl-yGTbu:1toH1F:EeD_RUOhxhMRz6MDL30lL64Xy7VonP4vDGSgIeTISmI','2025-03-15 07:12:17.269074'),('wlqt10ajvgmlhne96n3v1a0xxptwgd5h','.eJxVjMsOwiAQRf-FtSG8yqBL9_0GAjOjVA0kpV0Z_92QdKHbe865bxHTvpW4d17jQuIirDj9bjnhk-sA9Ej13iS2uq1LlkORB-1ybsSv6-H-HZTUy6jZZ1ITKmMhUCDvQDvlctZ0M6gcaWfJAPoAEDA4tsRsmc5KmykgiM8X4Ac3pg:1tDhgu:NSwSO_dMLA4s4rHOwgODMxZi4TZGm-L8lSLQBf5g91o','2024-12-04 10:12:08.558448'),('x3sge5awchqhb0tpq0dbqkhb1cjncn36','.eJxVjDsOwjAQBe_iGln-26Kk5wzWer2LA8iR4qRC3B0ipYD2zcx7iQzb2vI2aMlTFWdhxOl3K4AP6juod-i3WeLc12UqclfkQYe8zpWel8P9O2gw2rcu2iAobatG5z2nkJxTjj0jKwNoIhACsWWvfSoFFevgbLSeUnExBfH-AOp2N_U:1sggob:9yYs7mQnqssSHjfOh5sWbZ1e77-00CalLjaM8bTf_go','2024-09-04 08:35:37.956018'),('xu4qram1pnw9gvd8elzzppxvv0zc52vb','.eJxVjMsOwiAQRf-FtSG8yqBL9_0GAjOjVA0kpV0Z_92QdKHbe865bxHTvpW4d17jQuIirDj9bjnhk-sA9Ej13iS2uq1LlkORB-1ybsSv6-H-HZTUy6jZZ1ITKmMhUCDvQDvlctZ0M6gcaWfJAPoAEDA4tsRsmc5KmykgiM8X4Ac3pg:1tQ0pl:q9ymr-lwhtXnYOzsVd2g9FFbIyI8pOb5PbbeYdv4tF4','2025-01-07 09:04:09.481633'),('y0qn1iusw2te0hcds5vu7iecemy1lnhd','.eJxVjMsOwiAQRf-FtSG8yqBL9_0GAjOjVA0kpV0Z_92QdKHbe865bxHTvpW4d17jQuIirDj9bjnhk-sA9Ej13iS2uq1LlkORB-1ybsSv6-H-HZTUy6jZZ1ITKmMhUCDvQDvlctZ0M6gcaWfJAPoAEDA4tsRsmc5KmykgiM8X4Ac3pg:1tHLXm:uBP2r3tsly6qk71nDvAKw9Bqoyx3sgwPClufksBkOWo','2024-12-14 11:21:46.002200'),('y4bgt1msdcma4cy0eipjsxb7lfn6lrjp','.eJxVjEEOwiAQAP_C2ZACC4sevfsGsrBUqgaS0p6MfzckPeh1ZjJvEWjfSth7XsPC4iK0OP2ySOmZ6xD8oHpvMrW6rUuUI5GH7fLWOL-uR_s3KNTL2E6ZtEdU3s9Ww9l4x8wasgXvADV61pENKOUmo5ANEavZYXJoU44gPl-yGTbu:1tDMZJ:qm1EZZxDWUebbCC1pvJB44POZEfzz2JTxJ-Ic3qyv1A','2024-12-03 11:38:53.085647'),('yqwhtg1bbuceaxjnzdv59f4izqirkcke','.eJxVjMsOwiAQRf-FtSG8yqBL9_0GAjOjVA0kpV0Z_92QdKHbe865bxHTvpW4d17jQuIirDj9bjnhk-sA9Ej13iS2uq1LlkORB-1ybsSv6-H-HZTUy6jZZ1ITKmMhUCDvQDvlctZ0M6gcaWfJAPoAEDA4tsRsmc5KmykgiM8X4Ac3pg:1syClL:yYGgG6PUWnE1FyczBMKQlfqEhbGoYFnAgwFh2LmQvlk','2024-10-22 16:08:39.761333'),('z60htdu5nwj0jzjildvjd3yi68ljlezn','.eJxVjEEOwiAQAP_C2ZACC4sevfsGsrBUqgaS0p6MfzckPeh1ZjJvEWjfSth7XsPC4iK0OP2ySOmZ6xD8oHpvMrW6rUuUI5GH7fLWOL-uR_s3KNTL2E6ZtEdU3s9Ww9l4x8wasgXvADV61pENKOUmo5ANEavZYXJoU44gPl-yGTbu:1snJaZ:TnS_UFGMVD3T3AMZzAuzJhwPTDbK45mZdoxjC8T2ilw','2024-09-22 15:12:31.138281'),('z8du6a6jz6aft6xmj65hvla6qwkbut71','.eJxVjMsOwiAQRf-FtSG8yqBL9_0GAjOjVA0kpV0Z_92QdKHbe865bxHTvpW4d17jQuIirDj9bjnhk-sA9Ej13iS2uq1LlkORB-1ybsSv6-H-HZTUy6jZZ1ITKmMhUCDvQDvlctZ0M6gcaWfJAPoAEDA4tsRsmc5KmykgiM8X4Ac3pg:1sqVFe:nWUEiRWfxb6wduWz62iBRIe3MjH7q1ANqovT5_2I9nc','2024-10-01 10:16:06.759220'),('zf3qr9lenshqv8zpilxng2z20r81j1sa','.eJxVjEEOwiAQAP_C2ZACC4sevfsGsrBUqgaS0p6MfzckPeh1ZjJvEWjfSth7XsPC4iK0OP2ySOmZ6xD8oHpvMrW6rUuUI5GH7fLWOL-uR_s3KNTL2E6ZtEdU3s9Ww9l4x8wasgXvADV61pENKOUmo5ANEavZYXJoU44gPl-yGTbu:1t2Yv9:xXj5Mv-iSCe8sqlcAgV6h7ubtOQzqlWh3tpgwYO4qzM','2024-11-03 16:36:47.045025'),('zxnu7x2itrjp1xkkcjevcsf5ziws0xz7','.eJxVjDsOwjAQBe_iGln-26Kk5wzWer2LA8iR4qRC3B0ipYD2zcx7iQzb2vI2aMlTFWdhxOl3K4AP6juod-i3WeLc12UqclfkQYe8zpWel8P9O2gw2rcu2iAobatG5z2nkJxTjj0jKwNoIhACsWWvfSoFFevgbLSeUnExBfH-AOp2N_U:1sgosM:ai-icDrNvGQ0SU5TGUckcknWcP6HUXEvxrxVxycKzlU','2024-09-04 17:12:02.504001');
/*!40000 ALTER TABLE `django_session` ENABLE KEYS */;
UNLOCK TABLES;

--
-- Table structure for table `invoices_certificate`
--

DROP TABLE IF EXISTS `invoices_certificate`;
/*!40101 SET @saved_cs_client     = @@character_set_client */;
/*!50503 SET character_set_client = utf8mb4 */;
CREATE TABLE `invoices_certificate` (
  `id` bigint NOT NULL AUTO_INCREMENT,
  `register_number` varchar(20) NOT NULL,
  `student_name` varchar(100) NOT NULL,
  `course_name` varchar(100) NOT NULL,
  `from_date` date DEFAULT NULL,
  `end_date` date DEFAULT NULL,
  `grade` varchar(2) NOT NULL,
  `created_at` datetime(6) NOT NULL,
  `certificate_number` varchar(50) NOT NULL,
  `certificate_type` varchar(20) NOT NULL,
  `uploaded_certificate` varchar(100) DEFAULT NULL,
  PRIMARY KEY (`id`),
  UNIQUE KEY `certificate_number` (`certificate_number`)
) ENGINE=InnoDB AUTO_INCREMENT=67 DEFAULT CHARSET=utf8mb3;
/*!40101 SET character_set_client = @saved_cs_client */;

--
-- Dumping data for table `invoices_certificate`
--

LOCK TABLES `invoices_certificate` WRITE;
/*!40000 ALTER TABLE `invoices_certificate` DISABLE KEYS */;
INSERT INTO `invoices_certificate` VALUES (2,'OT/24/001','Farukh khan','AutoCAD Civil 3D Course','2024-08-02','2024-08-02','A','2024-08-02 18:08:13.254096','ACOT/24/001','regular',''),(3,'OT/24/009','Obadha Any','AutoCAD Civil 3D Course','2024-07-27','2024-08-03','A','2024-08-03 11:54:55.068356','ACOT/24/009','regular',''),(4,'OT/24/009','Obadha Any','Revit BIM Course','2024-07-27','2024-08-03','A+','2024-08-03 11:57:22.012003','RBOT/24/009','regular',''),(5,'OT/24/018','Abinesh Archunam','Revit MEP Course','2024-07-12','2024-08-21','A','2024-08-21 11:23:22.144127','RMOT/24/018','regular',''),(8,'OT/24/021','Julius Castillo','Revit MEP Course','2023-11-21','2024-08-30','A+','2024-09-08 15:49:38.588099','RMOT/24/021','regular',''),(9,'OT/24/014','Biju Valliara Mathew','Revit BIM Course','2024-08-20','2024-10-04','A+','2024-10-13 14:21:15.739635','RBOT/24/014','regular',''),(10,'OT/24/046','Soumaya Hirdjee','AutoCAD Course','2024-09-14','2024-10-18','A','2024-10-18 15:11:13.968674','AUOT/24/046','regular',''),(11,'OT/24/014','Biju Valliara Mathew','Revit Architecture Course','2024-08-14','2024-10-21','A+','2024-10-21 15:34:34.270287','RAOT/24/014','regular',''),(12,'OT/24/064','Daniel Joshua Lendio','Revit MEP Course','2024-07-06','2024-10-23','A+','2024-10-23 11:41:09.172391','RMOT/24/064','regular',''),(13,'OT/24/004','Shayne Ondray','Solidworks Course','2024-07-29','2024-10-18','A+','2024-10-23 11:52:40.329989','SWOT/24/004','regular',''),(23,'OT/24/065','Daniel Joshua Obillo','Revit MEP Course','2024-07-08','2024-10-23','A+','2024-10-24 08:52:17.452517','RMOT/24/065','regular',''),(24,'OT/24/045','Jonathan Henri Joel Mandeng','AutoCAD Course','2024-09-04','2024-10-24','A+','2024-10-24 15:27:31.759310','AUOT/24/045','regular',''),(25,'OT/24/072','Lady Jane Cabudol','Revit Architecture Course','2024-05-09','2024-10-25','A+','2024-11-03 09:32:59.965973','RAOT/24/072','regular',''),(26,'OT/24/053','Leonel Sabugaa','STAAD Pro Course','2024-10-08','2024-11-10','A+','2024-11-14 09:14:43.359529','SPOT/24/053','regular',''),(27,'OT/24/052','Leonel Airwind B. Sabugaa','STAAD Pro Course','2024-10-08','2024-11-24','A+','2024-11-18 12:29:05.102763','SPOT/24/052','regular',''),(28,'OT/24/090','Nikolai Savin','Interior Designing','2024-06-23','2024-10-20','A+','2024-11-23 11:50:34.239014','IDOT/24/090','regular',''),(29,'OT/24/101','Ammar Adil Azeez','Arduino Essential','2024-01-05','2024-05-05','A+','2024-11-26 12:14:38.237741','OT/24/101','regular',''),(30,'OT/24/019','Mahmoud Kleit','Full Stack Web Development','2024-08-21','2024-11-25','A+','2024-11-29 09:08:44.996163','FSOT/24/019','regular',''),(31,'OT/24/113','Mohammed Saad Yargatti','Tekla Structure Course','2023-11-10','2024-11-10','A+','2024-12-10 13:31:38.079622','TSOT/24/113','regular',''),(33,'OT/24/114','Muhammed Saad Yargatti','Tekla Structure Course','2023-11-10','2024-12-10','A+','2024-12-10 14:35:20.422213','TSOT/24/114','regular',''),(34,'OT/24/115','Muhmmed Saad Yargatti','Tekla Structure Course','2024-11-10','2024-12-03','A+','2024-12-10 14:42:10.521321','TSOT/24/115','regular',''),(35,'OT/24/123','Joelyn Dela Cruz Castro','Solar Professional Course','2023-12-10','2024-12-13','A+','2024-12-13 11:19:07.944428','SCOT/24/123','regular',''),(36,'OT/24/124','Joelyn Dela Cruz Castro','Solar Professional Course','2024-12-10','2024-04-10','A+','2024-12-13 11:25:36.157270','SCOT/24/124','regular',''),(37,'OT/24/129','Joelyn Dela Cruz Castro','Solar PV Syst','2024-12-10','2024-12-15','A+','2024-12-15 11:28:02.261949','OT/24/129','regular',''),(40,'OT/24/130','Joeylyn Dela Cruz Castro','Solar PV Syst','2023-12-11','2024-04-10','A+','2024-12-15 11:40:45.609983','OT/24/130','regular',''),(41,'OT/24/131','Joeylyn Dela Cruz Castro','Solar Professional Course','2023-12-10','2024-12-15','A+','2024-12-15 15:54:20.124755','SCOT/24/131','regular',''),(42,'OT/24/132','Joeylyn Dela Cruz Castro','Solar Professional Course','2023-12-11','2024-04-10','A+','2024-12-15 15:57:08.326919','SCOT/24/132','regular',''),(43,'OT/24/075','Ahmed Raaft Gaber','Full Stack Web Development','2024-11-04','2024-12-30','A+','2024-12-30 12:13:03.825960','FSOT/24/075','regular',''),(44,'OT/24/141','Ahmed Raafat Gaber','Full Stack Web Development','2024-11-04','2024-12-30','A+','2024-12-30 12:20:03.456648','FSOT/24/141','regular',''),(45,'OT/25/011','Aml Alatwani','Revit Architecture Course','2024-09-09','2025-01-10','A+','2025-01-11 11:42:56.885216','RAOT/25/011','regular',''),(46,'OT/25/016','Ahmed Raafat Gaber','Full Stack Web Development','2024-06-01','2024-12-25','A+','2025-01-13 14:05:07.327767','FSOT/25/016','regular',''),(47,'OT/25/017','Mayank Bansal','STAAD Pro Course','2024-01-06','2024-05-10','A+','2025-01-20 10:45:33.254605','SPOT/25/017','regular',''),(48,'OT/25/018','Mayank Bansal','AutoCAD Course','2024-01-06','2024-05-10','A+','2025-01-20 10:47:22.742152','AUOT/25/018','regular',''),(49,'OT/24/061','mohammad ibrahim','AutoCAD Course','2024-10-21','2025-01-23','A+','2025-01-23 15:21:10.416950','AUOT/24/061','regular',''),(51,'OT/25/026','Mohammad Ibrahim','AutoCAD Course','2024-10-21','2025-01-23','A+','2025-01-23 15:28:49.205455','AUOT/25/026','regular',''),(52,'OT/25/027','Muhammad Ibrahim','AutoCAD Course','2024-10-21','2025-01-23','A+','2025-01-23 15:53:47.120010','AUOT/25/027','regular',''),(54,'OT/25/028','Mahmoud Khalil Kleit','Full Stack Web Development','2024-08-21','2024-12-20','A','2025-01-25 10:23:11.074692','FSOT/25/028','regular',''),(55,'OT/24/028','Syed Nousif','Revit MEP Course','2024-09-08','2025-01-26','A+','2025-01-26 13:50:08.980698','RMOT/24/028','regular',''),(56,'OT/24/118','Hasniya Lubaba','Revit Architecture Course','2024-09-15','2025-02-08','A+','2025-02-08 16:02:31.634220','RAOT/24/118','regular',''),(57,'OT/25/049','Linda N. Chavan','Interior Designing','2023-12-26','2025-02-17','A+','2025-02-25 10:19:25.915921','IDOT/25/049','regular',''),(58,'OT/24/134','Bahi Kamel','Solar Professional Course','2024-12-17','2025-02-08','A+','2025-02-26 15:02:37.870335','SCOT/24/134','regular',''),(59,'OT/24/068','Radhika Arya','Primavera P6 Course','2024-10-29','2025-03-02','A+','2025-03-02 12:20:04.076450','P6OT/24/068','regular',''),(60,'OT/25/057','Kebbiel Risen C. Membrebe','Revit Structure Course','2024-07-07','2024-08-29','A+','2025-03-05 08:38:33.226186','RSOT/25/057','regular',''),(61,'OT/25/058','Jan Carlo Dreian Yala','Revit Structure Course','2024-07-07','2024-08-29','A+','2025-03-05 08:40:58.874562','RSOT/25/058','regular',''),(62,'OT/25/059','Janno Lewis Aquino','Revit Architecture Course','2024-07-07','2024-08-29','A+','2025-03-05 08:42:50.194573','RAOT/25/059','regular',''),(63,'OT/25/019','Ramzy Alsaygh','AutoCAD Course','2025-01-20','2025-03-20','A+','2025-03-20 10:23:01.216374','AUOT/25/019','regular',''),(64,'OT/24/069','Christine Namakoye','Microsoft Office Basic Course','2024-10-26','2025-03-23','A+','2025-03-23 14:01:43.209606','MBOT/24/069','regular',''),(65,'OT/25/098','Kathleen Joy Valdez','AutoCAD Course','2024-07-24','2024-09-11','A+','2025-04-14 15:19:04.770442','AUOT/25/098','regular',''),(66,'OT/25/024','Nour Elsiddig Gabir Eltahir','Microsoft Office Professional Course','2025-01-22','2025-04-14','A+','2025-04-16 11:22:42.293477','MOOT/25/024','regular','');
/*!40000 ALTER TABLE `invoices_certificate` ENABLE KEYS */;
UNLOCK TABLES;

--
-- Table structure for table `invoices_certificateupload`
--

DROP TABLE IF EXISTS `invoices_certificateupload`;
/*!40101 SET @saved_cs_client     = @@character_set_client */;
/*!50503 SET character_set_client = utf8mb4 */;
CREATE TABLE `invoices_certificateupload` (
  `id` bigint NOT NULL AUTO_INCREMENT,
  `certificate_file` varchar(100) NOT NULL,
  `upload_date` datetime(6) NOT NULL,
  `registration_id` bigint NOT NULL,
  PRIMARY KEY (`id`),
  UNIQUE KEY `registration_id` (`registration_id`),
  CONSTRAINT `invoices_certificate_registration_id_4c87c7d6_fk_invoices_` FOREIGN KEY (`registration_id`) REFERENCES `invoices_registration` (`id`)
) ENGINE=InnoDB AUTO_INCREMENT=3 DEFAULT CHARSET=utf8mb3;
/*!40101 SET character_set_client = @saved_cs_client */;

--
-- Dumping data for table `invoices_certificateupload`
--

LOCK TABLES `invoices_certificateupload` WRITE;
/*!40000 ALTER TABLE `invoices_certificateupload` DISABLE KEYS */;
INSERT INTO `invoices_certificateupload` VALUES (1,'certificates/jonathan_.jpg','2024-10-24 15:40:52.440583',98),(2,'certificates/WhatsApp_Image_2024-10-24_at_19.45.25_43582478.jpg','2024-10-24 15:47:21.343001',26);
/*!40000 ALTER TABLE `invoices_certificateupload` ENABLE KEYS */;
UNLOCK TABLES;

--
-- Table structure for table `invoices_client`
--

DROP TABLE IF EXISTS `invoices_client`;
/*!40101 SET @saved_cs_client     = @@character_set_client */;
/*!50503 SET character_set_client = utf8mb4 */;
CREATE TABLE `invoices_client` (
  `id` bigint NOT NULL AUTO_INCREMENT,
  `name` varchar(255) NOT NULL,
  `email` varchar(254) NOT NULL,
  `phone` varchar(20) NOT NULL,
  `address` longtext NOT NULL,
  `user_id` int NOT NULL,
  `country` varchar(100) NOT NULL,
  `emirates` varchar(100) NOT NULL,
  PRIMARY KEY (`id`),
  KEY `invoices_client_user_id_7d53c494_fk_auth_user_id` (`user_id`),
  CONSTRAINT `invoices_client_user_id_7d53c494_fk_auth_user_id` FOREIGN KEY (`user_id`) REFERENCES `auth_user` (`id`)
) ENGINE=InnoDB AUTO_INCREMENT=537 DEFAULT CHARSET=utf8mb3;
/*!40101 SET character_set_client = @saved_cs_client */;

--
-- Dumping data for table `invoices_client`
--

LOCK TABLES `invoices_client` WRITE;
/*!40000 ALTER TABLE `invoices_client` DISABLE KEYS */;
INSERT INTO `invoices_client` VALUES (1,'Hunter Dg','','','',1,'United Arab Emirates','Dubai'),(2,'dave','','','',1,'United Arab Emirates','Dubai'),(3,'ASD','','','',1,'DUBAI','UAE'),(4,'aww','','','',1,'DUBAI','UAE'),(5,'awws','','','',1,'DUBAI','UAE'),(6,'aww','','','',1,'United Arab Emirates','UAE'),(7,'awwas','','','',1,'United Arab Emirates','UAE'),(8,'Farukh Khan','','','',1,'United Arab Emirates','Dubai'),(9,'divina','','','',1,'united arab emirates','dubai'),(10,'SELAMAWIT','','','',1,'united Arab Emirates','Dubia'),(11,'sana','','','',1,'oman','dubai'),(12,'DYAN EBALO','','','',1,'UNITED ARAB EMIRATES','DUBAI'),(13,'ww','','','',1,'United Arab Emirates','UAE'),(14,'arhaan ahmed shaikh','','','',1,'united Arab Emirates','Dubia'),(15,'demo','','','',1,'UAE','dubai'),(16,'gdzs','','','',1,'DUBAI','UAE'),(17,'mult','','','',1,'United Arab Emirates','UAE'),(18,'aaa','','','',1,'DUBAI','UAE'),(19,'latest','','','',1,'UAE','dubai'),(20,'aaaS','','','',1,'DUBAI','UAE'),(21,'arun','','','',1,'united Arab Emirates','Dubia'),(22,'antony','','','',1,'united Arab Emirates','Dubia'),(23,'anthony carson','','','',1,'united Arab Emirates','Dubia'),(24,'neww','','','',1,'UAE','dubai'),(25,'mohammed batami','','','',1,'united Arab Emirates','Dubia'),(26,'Mohammad Batami','','','',1,'UNITED ARAB EMIRATES','DUBAI'),(27,'Mohamed Batari','','','',1,'UNITED ARAB EMIRATES','DUBAI'),(28,'uae','','','',1,'UAE','dubai'),(29,'newone','','','',1,'UAE','dubai'),(30,'tushar','','','',1,'united Arab Emirates','Dubia'),(31,'awws','','','',1,'United Arab Emirates','UAE'),(32,'rere','','','',1,'united Arab Emirates','Dubia'),(33,'abd','','','',1,'UAE','dubai'),(34,'demos','','','',1,'UAE','dubai'),(35,'demodss','','','',1,'UAE','dubai'),(36,'abds','','','',1,'UAE','dubai'),(37,'abdds','','','',1,'UAE','dubai'),(38,'abdsaz','','','',1,'UAE','dubai'),(39,'ABC','','','',1,'UAE','DUBAI'),(40,'cash','','','',1,'UAE','dubai'),(41,'ss','','','',1,'UAE','dubai'),(42,'admin','','','',2,'UAE','dubai'),(43,'demo','','','',2,'UAE','dubai'),(44,'demodss','','','',2,'UAE','dubai'),(45,'admin','','','',1,'UAE','dubai'),(46,'admo','','','',2,'UAE','dubai'),(47,'anthony carson','','','',2,'United Arab Emirates','dubai'),(48,'arun','','','',2,'United Arab Emirates','dubai'),(49,'Mohamed Batari','','','',2,'United Arab Emirates','dubai'),(50,'arhaan ahmed shaikh','','','',2,'United Arab Emirates','dubai'),(51,'cleaavon joel','','','',1,'united Arab Emirates','Dubia'),(52,'sarah sidney pereira','','','',1,'United Arab Emirates','Dubai'),(53,'Sarah Sindey Pereirah','','','',1,'United Arab Emirates','Dubai'),(54,'SARAH','','','',2,'DUBAi','DUBAI'),(55,'Sarah Sidney Pereira','','','',2,'UAE','DUBAI'),(56,'SARAH','','','',2,'UAE','DUBAI'),(57,'Dyan','','','',1,'UNITED ARAB EMIRATES','Dubai'),(58,'cleaavon joel','','','',1,'UNITED ARAB EMIRATES','Dubai'),(59,'Sanil Kumar','','','',1,'United Arab Emirates','Dubai'),(60,'Rashid Raja','','','',1,'United Arab Emirates','Dubai'),(61,'demodss','','','',2,'DUBAi','dubai'),(62,'Shaida Shabani','','','',1,'United Arab Emirates','Dubai'),(63,'Delux Renovation Technical Services Works','','','',1,'United Arab Emirates','Dubai'),(64,'Darell','','','',1,'United Arab Emirates','Dubai'),(65,'Darell Ainn Lavilla','','','',1,'United Arab Emirates','Dubai'),(66,'Duphill Technical Solutions LLC','','','',1,'United Arab Emirates','Dubai'),(67,'Rajashekara Chitragar','','','',1,'United Arab Emirates','Dubai'),(68,'Jineesh Vadissery Parambil','','','',1,'United Arab Emirates','Dubai'),(69,'Yahya Pcracla','','','',1,'United Arab Emirates','Dubai'),(70,'Jishun Shankankutty','','','',1,'United Arab Emirates','Dubai'),(71,'Eman Pcracla','','','',1,'United Arab Emirates','Dubai'),(72,'Arun','','','',1,'United Arab Emirates','Dubai'),(73,'DYAN BAGUIO','','','',2,'PHILIPPINES','PHILIPPINES'),(74,'DYAN BAGUIO','dyan@orbittraining.ae','971 559297176','',2,'',''),(75,'Obadha Any','','','',1,'Pakistan','Pakistan'),(76,'Obadha Any','er.mukeshhhhhhhh@gmail.com','0555555555','',1,'',''),(77,'Ashna Riyas','','','',1,'India','India'),(78,'Ashna Riyas','Ashna.Riyas@gmail.com','+971 52 709 7864','',1,'',''),(79,'Melad Mershed Almatri','','','',1,'Syrian','Syrian'),(80,'Melad Mershed Almatri','Meladmatue1997@gmail.com','971 505772447','',1,'',''),(81,'Shayne Ondray','','','',1,'Philippines','Philippines'),(82,'Shayne Ondray','shayneondray@gmail.com','+971506528064','',1,'',''),(83,'Josie Tolentino','','','',1,'Philippines','Philippines'),(84,'Josie Tolentino','josielara488@gmail.com','0551628859','',1,'',''),(85,'REYNALDO MALINAO','','','',1,'Philippines','Philippines'),(86,'REYNALDO MALINAO','qs.engineer18@gmail.com','055 568 2441','',1,'',''),(87,'Trusar','','','',1,'United Arab Emirates','Dubai'),(88,'Juraij U','','','',2,'India','India'),(89,'Juraij U','juraijvuit@gmail.com','09746020070','',2,'',''),(90,'Saad Raza','','','',1,'Pakistan','Pakistan'),(91,'Saad Raza','stonsmile@gmail.com','0529567769','',1,'',''),(92,'Tanushri Unnikrishnan','','','',1,'United Arab Emirates','Dubai'),(93,'Farukh khan','','','',1,'United Arab Emirates','United Arab Emirates'),(94,'Farukh khan','orbittrainingonline@gmail.com','0552048878','',1,'',''),(95,'Alfa','','','',1,'United Arab Emirates','Dubai'),(96,'James James','','','',1,'United Arab Emirates','United Arab Emirates'),(97,'James James','A@A.com','0552048878','',1,'',''),(98,'RMI','','','',2,'United Arab Emirates','Sharjah'),(99,'Tanushri Unnikrishnan','','','',2,'Dubai','Dubai'),(100,'Tanushri Unnikrishnan','tanushri@gmail.com','971 50 487 4087','',2,'',''),(101,'mohammad afrideen','','','',1,'United Arab Emirates','Dubai'),(102,'Mohamed Afrideen','','','',1,'UAE','UAE'),(103,'Mohamed Afrideen','mohamedafrideen7798@gmail.com','0505891798','',1,'',''),(104,'Hector Cureg','','','',2,'United Arab Emirates','United Arab Emirates'),(105,'Hector Cureg','hjcuregsr@yahoo.com','0522891364','',2,'',''),(106,'Valerie Anne Sadiasa','','','',1,'Dubai','Dubai'),(107,'Valerie Anne Sadiasa','vallerie_sadiasa@yahoo.com','0552173882','',1,'',''),(108,'Maps kolla Anelka','','','',1,'Cameroon','Cameroon'),(109,'Maps kolla Anelka','anelkamapa@gmail.com','237 677799166','',1,'',''),(110,'Maps kolla Anelka','','','',4,'Cameroon','Cameroon'),(111,'Maps kolla Anelka','anelkamapa@gmail.com','237 677799166','',4,'',''),(112,'Suram Bhagavan','','','',2,'India','India'),(113,'Suram Bhagavan','suram.bhagavanreddy@gmail.com','971561316430','',2,'',''),(114,'Biju Valliara Mathew','','','',3,'United Arab Emirates','United Arab Emirates'),(115,'Biju Valliara Mathew','bijuvm01@gmail.com','971 556349830','',3,'',''),(116,'Ahmad Theiab','','','',4,'UAE','UAE'),(117,'Ahmad Theiab','ahmad.diab84@gmail.com','0567745369','',4,'',''),(118,'Ahmad Theiab','','','',2,'UAE','UAE'),(119,'Ahmad Theiab','ahmad.diab84@gmail.com','0567745369','',2,'',''),(120,'Ahmad Theiab','','','',3,'UAE','UAE'),(121,'Ahmad Theiab','ahmad.diab84@gmail.com','0567745369','',3,'',''),(122,'Angelyn Cruz','','','',3,'United Arab Emirates','United Arab Emirates'),(123,'Angelyn Cruz','giegiecruz@gmail.com','971 54 561 6405','',3,'',''),(124,'Adam Moussa','','','',3,'United Arab Emirates','United Arab Emirates'),(125,'Adam Moussa','adamxmoussa@gmail.com','0559977147','',3,'',''),(126,'Adam Moussa','','','',2,'United Arab Emirates','United Arab Emirates'),(127,'Adam Moussa','adamxmoussa@gmail.com','0559977147','',2,'',''),(128,'Abinesh Archunam','','','',2,'United Arab Emirates','United Arab Emirates'),(129,'Abinesh Archunam','abineshajayoo@gmail.com','+971564018779','',2,'',''),(130,'Mahmoud Kleit','','','',3,'Lebanon','Lebanon'),(131,'Mahmoud Kleit','mahmoudfr202@gmail.com','569817743','',3,'',''),(132,'George Lubega','','','',3,'US','US'),(133,'George Lubega','gslubega@yahoo.com','+966569835876','',3,'',''),(134,'Maps kolla Anelka','','','',2,'Cameroon','Cameroon'),(135,'Maps kolla Anelka','anelkamapa@gmail.com','237 677799166','',2,'',''),(136,'Maps kolla Anelka','anelkamapa@gmail.com','237 677799166','',2,'Cameroon','Cameroon'),(137,'Abinesh Archunam','abineshajayoo@gmail.com','+971564018779','',2,'United Arab Emirates','United Arab Emirates'),(138,'Syed Oubadah Syed','','','',2,'Pakistan','Pakistan'),(139,'Syed Oubadah Syed','syedoubadah@gmail.com','03435233244','',2,'',''),(140,'demo vu','','','',2,'dubai','dubai'),(141,'demo vu','juraijvuit@gmail.com','0977564','',2,'',''),(142,'Syed Nousif','','','',3,'United Arab Emirates','United Arab Emirates'),(143,'Syed Nousif','Syednousif23@gmail.com','971 56 561 8619','',3,'',''),(144,'Christy Raju','','','',3,'India','India'),(145,'Christy Raju','christyraju4@gmail.com','0544005476','',3,'',''),(146,'Muhammad Nawaz','','','',3,'United Arab Emirates','United Arab Emirates'),(147,'Muhammad Nawaz','nawazuae99@gmail.com','971 52 221 7364','',3,'',''),(148,'Mohamed Farhan','','','',3,'United Arab Emirates','United Arab Emirates'),(149,'Mohamed Farhan','mohamad.farhan@alshirawiinterior.com','971 56 889 5369','',3,'',''),(150,'Numan Hussain Mohammed','','','',3,'United Arab Emirates','United Arab Emirates'),(151,'Numan Hussain Mohammed','numan26@gmail.com','971 54 783 2354','',3,'',''),(152,'mohammad thameem','','','',3,'United Arab Emirates','United Arab Emirates'),(153,'mohammad thameem','thameemtami66@gmail.com','971 56 899 7393','',3,'',''),(154,'Abrokwaa Felix','','','',3,'United Arab Emirates','United Arab Emirates'),(155,'Abrokwaa Felix','felixbrokwa482@gmail.com','971 54 313 6533','',3,'',''),(156,'Assif Hussain','','','',3,'United Arab Emirates','United Arab Emirates'),(157,'Assif Hussain','asifbatlimuhammad@gmail.com','971 52 133 0098','',3,'',''),(158,'Suram Bhagavan','','','',3,'United Arab Emirates','United Arab Emirates'),(159,'Suram Bhagavan','suram.bhagavanreddy@gmail.com','971 56 131 6430','',3,'',''),(160,'Haseena k','','','',3,'United Arab Emirates','United Arab Emirates'),(161,'Haseena k','hasi1994583@gmail.com','971 52 869 3091','',3,'',''),(162,'Pius Akhidenor','','','',3,'United Arab Emirates','United Arab Emirates'),(163,'Pius Akhidenor','pius4top@yahoo.com','971 54 720 1695','',3,'',''),(164,'Premsi PV','','','',3,'United Arab Emirates','United Arab Emirates'),(165,'Premsi PV','pv.premsi@gmail.com','971 54 252 4233','',3,'',''),(166,'Patrick Ojeyewi Biachi','','','',3,'United Arab Emirates','United Arab Emirates'),(167,'Patrick Ojeyewi Biachi','patrickbiachi@gmail.com','971 52 274 2781','',3,'',''),(168,'Patricia Linduine Ombononotue','','','',3,'United Arab Emirates','United Arab Emirates'),(169,'Patricia Linduine Ombononotue','Patricianotue10@gmail.com','971 52 305 0644','',3,'',''),(170,'Jonathan Henri Joel Mandeng','','','',3,'United Arab Emirates','United Arab Emirates'),(171,'Jonathan Henri Joel Mandeng','mandengjonathan@gmail.com','971-55 5119 440','',3,'',''),(172,'Soumaya Hirdjee','','','',3,'United Arab Emirates','United Arab Emirates'),(173,'Soumaya Hirdjee','shirdjee@gmail.com','261 34 05 550 00','',3,'',''),(174,'anil kumar','','','',3,'United Arab Emirates','United Arab Emirates'),(175,'anil kumar','anilsvnp1179@gmail.com','971 52 120 5183','',3,'',''),(176,'Nishin Nizam','','','',3,'United Arab Emirates','United Arab Emirates'),(177,'Nishin Nizam','nishinnizam@gmail.com','971 58 534 3210','',3,'',''),(178,'Ser Aris Alvarez','','','',3,'United Arab Emirates','United Arab Emirates'),(179,'Ser Aris Alvarez','alvarez_airs@gmail.com','971 58 964 6442','',3,'',''),(180,'Shayne Ondray','','','',3,'Philippines','Philippines'),(181,'Shayne Ondray','shayneondray@gmail.com','+971506528064','',3,'',''),(182,'Dick Johns','','','',3,'United Arab Emirates','United Arab Emirates'),(183,'Dick Johns','johnsjohns9848@gmail.com','971 52 988 2088','',3,'',''),(184,'Leonel Sabugaa','','','',3,'philippines','philippines'),(185,'Leonel Sabugaa','buganoleonelairwid@gmail.com','0504173086','',3,'',''),(186,'Jazeerat Al Hadeed Metalic Cont Ind LLC .','','','',3,'United Arab Emirates','United Arab Emirates'),(187,'Jazeerat Al Hadeed Metalic Cont Ind LLC .','sambhu@jahsteel.ae','971 54 305 8357','',3,'',''),(188,'Kamran Arshid','','','',3,'United Arab Emirates','United Arab Emirates'),(189,'Kamran Arshid','kamranvac50@gmail.com','971 50 582 6567','',3,'',''),(190,'Aisha Al Memari','','','',2,'United Arab Emirates','United Arab Emirates'),(191,'Aisha Al Memari','awashiix10@gmail.com','971 56 432 2666','',2,'',''),(192,'Inamul Hassan Sha','','','',2,'United Arab Emirates','United Arab Emirates'),(193,'Inamul Hassan Sha','inamil.hassan@gantrex.com','971 56 930 0192','',2,'',''),(194,'Rijoy Paloli','','','',2,'United Arab Emirates','United Arab Emirates'),(195,'Rijoy Paloli','rijoypi20@gmail.com','971- 52 489 9755','',2,'',''),(196,'Adoum Barkai Kelleimi','','','',2,'United Arab Emirates','United Arab Emirates'),(197,'Adoum Barkai Kelleimi','adoumbarkai0@gmail.com','971 52 239 4265','',2,'',''),(198,'Sandra Kachel','','','',2,'United Arab Emirates','United Arab Emirates'),(199,'Sandra Kachel','sandrakachel@icloud.com','971 58 577 7587','',2,'',''),(200,'mohammad ibrahim','','','',2,'United Arab Emirates','United Arab Emirates'),(201,'mohammad ibrahim','m.ibrahimkhan@ymail.com','971-50855-0351','',2,'',''),(202,'Nilo Pantig Jr.','','','',4,'United Arab Emirates','United Arab Emirates'),(203,'Nilo Pantig Jr.','nilo@firemacgult.com','0507088060','',4,'',''),(204,'Daniel Joshua Lendio','','','',2,'United Arab Emirates','United Arab Emirates'),(205,'Daniel Joshua Lendio','DANIELJOSHUA@gmail.com','971 58 561 1974','',2,'',''),(206,'Daniel Joshua Obillo','','','',2,'United Arab Emirates','United Arab Emirates'),(207,'Daniel Joshua Obillo','DANIELJOSHUA@gmail.com','971 58 561 1974','',2,'',''),(208,'Valerie Anne Sadiasa','','','',2,'Dubai','Dubai'),(209,'Valerie Anne Sadiasa','vallerie_sadiasa@yahoo.com','0552173882','',2,'',''),(210,'LandMark Contracting LLC','','','',2,'Dubai','Dubai'),(211,'LandMark Contracting LLC','vallerie_sadiasa@yahoo.com','0552173882','',2,'',''),(212,'Ser Aris Alvarez','','','',2,'United Arab Emirates','United Arab Emirates'),(213,'Ser Aris Alvarez','alvarez_airs@gmail.com','971 58 964 6442','',2,'',''),(214,'Production- Haylar Metals Middle East .','','','',2,'United Arab Emirates','United Arab Emirates'),(215,'Production- Haylar Metals Middle East .','alvarez_airs@gmail.com','971 58 964 6442','',2,'',''),(216,'Shiyas Hamza','','','',2,'United Arab Emirates','United Arab Emirates'),(217,'Shiyas Hamza','shiyashamza91@gmail.com','971 50 365 2562','',2,'',''),(218,'Aimen Sejad U din','','','',2,'United Arab Emirates','United Arab Emirates'),(219,'Aimen Sejad U din','sejad.uddin@gmail.com','971 50 506 9660','',2,'',''),(220,'Radhika Arya','','','',2,'United Arab Emirates','United Arab Emirates'),(221,'Radhika Arya','vigradhika33@gmail.com','91-74619-98853','',2,'',''),(222,'Christine Namakoye','','','',2,'United Arab Emirates','United Arab Emirates'),(223,'Christine Namakoye','Christinenamakoye.36@gmail.com','971-52-702-6260','',2,'',''),(224,'Mandeep Singh','','','',2,'United Arab Emirates','United Arab Emirates'),(225,'Mandeep Singh','Msdhesi9999@gmail.com','971-52-742-8977','',2,'',''),(226,'Chiara Porc','','','',2,'United Arab Emirates','United Arab Emirates'),(227,'Chiara Porc','chiara_porc.design@gmail.com','971 58 550 2270','',2,'',''),(228,'Tariq Aziz','','','',2,'United Arab Emirates','United Arab Emirates'),(229,'Tariq Aziz','tariqaziz.sardar@gmail.com','971-52 862-4789','',2,'',''),(230,'Ala Kasaam .','','','',2,'United Arab Emirates','United Arab Emirates'),(231,'Ala Kasaam .','alaakassam997@gmail.com','971- 56 408 6655','',2,'',''),(232,'Ahmed Raaft Gaber','','','',2,'United Arab Emirates','United Arab Emirates'),(233,'Ahmed Raaft Gaber','ahmed.raaft250@gmail.com','971- 52-784-1908','',2,'',''),(234,'Marc Anthony Dolendo','','','',2,'United Arab Emirates','United Arab Emirates'),(235,'Marc Anthony Dolendo','marc.dolendo@gmail.com','971 56 423 3523','',2,'',''),(236,'Alliah Kimberly Feliciano','','','',2,'United Arab Emirates','United Arab Emirates'),(237,'Alliah Kimberly Feliciano','alliahkimberlyvfeliciano@gmail.com','971 58 657 8427','',2,'',''),(238,'Mohamed Afrideen','','','',2,'UAE','UAE'),(239,'Mohamed Afrideen','mohamedafrideen7798@gmail.com','0505891798','',2,'',''),(240,'Biotech Pharma Drug Store LLC','','','',3,'United Arab Emirates','United Arab Emirates'),(241,'Biotech Pharma Drug Store LLC','','','',2,'United Arab Emirates','United Arab Emirates'),(242,'Maalakji Akkawi Khairia','','','',4,'United Arab Emirates','United Arab Emirates'),(243,'Maalakji Akkawi Khairia','youssefdanab@gmail.com','0553184888','',4,'',''),(244,'Vasillious Kladakis','','','',2,'United Arab Emirates','United Arab Emirates'),(245,'Vasillious Kladakis','vassilios-Kladakis@hotmail.com','971 52 136 1256','',2,'',''),(246,'Angus Reego','','','',2,'United Arab Emirates','United Arab Emirates'),(247,'Angus Reego','reegoangus@gmail.com','971-52-151-5040','',2,'',''),(248,'Gayathry K N','','','',2,'United Arab Emirates','United Arab Emirates'),(249,'Gayathry K N','gayathry@vectortrainingcenter.ae','97124431007','',2,'',''),(250,'Farheen Shanawaz','','','',4,'United Arab Emirates','United Arab Emirates'),(251,'Farheen Shanawaz','feenshah@gmail.com','0582232334','',4,'',''),(252,'Layla Eldirdisi Gaffar Osman','','','',2,'United Arab Emirates','United Arab Emirates'),(253,'Layla Eldirdisi Gaffar Osman','layla44@gmail.com','971- 52-911-8898','',2,'',''),(254,'Leonel Airwind B. Sabugaa','','','',3,'philippines','philippines'),(255,'Leonel Airwind B. Sabugaa','buganoleonelairwid@gmail.com','0504173086','',3,'',''),(256,'Pavani Mehta','','','',3,'United Arab Emirates','United Arab Emirates'),(257,'Pavani Mehta','pavani.mehta000@gmail.com','0502442767','',3,'',''),(258,'Ahmed Tarek','','','',2,'United Arab Emirates','United Arab Emirates'),(259,'Ahmed Tarek','ahmedtarek201300@hotmail.com','0566116663','',2,'',''),(260,'Ariya Pusushothaman','','','',3,'United Arab Emirates','United Arab Emirates'),(261,'Ariya Pusushothaman','ariyapususho2020@gmail.com','971 56 870 2294','',3,'',''),(262,'Hashmukh Tarbuivdiya','','','',3,'United Arab Emirates','United Arab Emirates'),(263,'Hashmukh Tarbuivdiya','tarbundiya.hasmukh@gmail.com','971 55 782 9028','',3,'',''),(264,'Carlo Miranda','','','',3,'United Arab Emirates','United Arab Emirates'),(265,'Carlo Miranda','charlesrandof@gmail.com','971  52 968 2006','',3,'',''),(266,'Mohamed Shafi Palliyalk Melethil','','','',3,'United Arab Emirates','United Arab Emirates'),(267,'Mohamed Shafi Palliyalk Melethil','mohamedshafi@gmail.com','971 56 946 7644','',3,'',''),(268,'Angus Reego','','','',3,'United Arab Emirates','United Arab Emirates'),(269,'Angus Reego','reegoangus@gmail.com','971 52 151 5040','',3,'',''),(270,'Rekha Rani','','','',2,'United Arab Emirates','United Arab Emirates'),(271,'Rekha Rani','krekharani99@gmail.com','971 55 540 8165','',2,'',''),(272,'Marco Paolo Maligat','','','',2,'United Arab Emirates','United Arab Emirates'),(273,'Marco Paolo Maligat','Marco.maligat@ochrebrand.com','971 56 403 0772','',2,'',''),(274,'Jerome Biason','','','',2,'United Arab Emirates','United Arab Emirates'),(275,'Jerome Biason','jerome.biason@ochrebrand.com','971-52 723 5666','',2,'',''),(276,'Balan Thiyyan','','','',4,'United Arab Emirates','United Arab Emirates'),(277,'Balan Thiyyan','balan.balan18@gmail.com','0505354536','',4,'',''),(278,'Saqib Mauzahmed Shaikh','','','',3,'United Arab Emirates','United Arab Emirates'),(279,'Saqib Mauzahmed Shaikh','saqibshaikh733@gmail.com','971 58 904 7105','',3,'',''),(280,'Rajesh Singari','','','',3,'United Arab Emirates','United Arab Emirates'),(281,'Rajesh Singari','Rajeshsingari123@gmail.com','971 50 893 0637','',3,'',''),(282,'Maria Violeta Dayo','','','',3,'United Arab Emirates','United Arab Emirates'),(283,'Maria Violeta Dayo','mariavioletadayo@gmail.com','971 52 690 3932','',3,'',''),(284,'MD Manirulaman','','','',3,'United Arab Emirates','United Arab Emirates'),(285,'MD Manirulaman','Mdmaniruzzaman91@gmail.com','971 52 652 1284','',3,'',''),(286,'Mohammed Shafi','','','',3,'United Arab Emirates','United Arab Emirates'),(287,'Mohammed Shafi','mohammedshafipm@yahoo.com','971 56 946 7644','',3,'',''),(288,'Sajandeep Singh','','','',3,'United Arab Emirates','United Arab Emirates'),(289,'Sajandeep Singh','Deepuae0@gmail.com','971 52 237 2287','',3,'',''),(290,'Layla Eldirdisi Gaffar Osman','','','',3,'United Arab Emirates','United Arab Emirates'),(291,'Layla Eldirdisi Gaffar Osman','layla44@gmail.com','971- 52-911-8898','',3,'',''),(292,'Mandeep Singh','','','',3,'United Arab Emirates','United Arab Emirates'),(293,'Mandeep Singh','Msdhesi9999@gmail.com','971-52-742-8977','',3,'',''),(294,'mohammad ibrahim','','','',3,'United Arab Emirates','United Arab Emirates'),(295,'mohammad ibrahim','m.ibrahimkhan@ymail.com','971-50855-0351','',3,'',''),(296,'ahlam .','','','',3,'United Arab Emirates','United Arab Emirates'),(297,'ahlam .','ahlam@gmail.com','971 50440 2500','',3,'',''),(298,'Saqib Mauzahmed Shaikh','','','',4,'United Arab Emirates','United Arab Emirates'),(299,'Saqib Mauzahmed Shaikh','saqibshaikh733@gmail.com','971 58 904 7105','',4,'',''),(300,'Toufeeq PT','','','',3,'United Arab Emirates','United Arab Emirates'),(301,'Toufeeq PT','Thoufeeqpt2397@gmail.com','971 50 278 1602','',3,'',''),(302,'Jinu Nasamony','','','',3,'United Arab Emirates','United Arab Emirates'),(303,'Jinu Nasamony','jinu2020@gmail.com','971 52 244 9326','',3,'',''),(304,'Tarek Khayata','','','',2,'United Arab Emirates','United Arab Emirates'),(305,'Tarek Khayata','tarek.Khayata@gmail.com','971- 50 688-3342','',2,'',''),(306,'Jorick Joy De Castro','','','',3,'United Arab Emirates','United Arab Emirates'),(307,'Jorick Joy De Castro','Jorickjoydecastro@gmail.com','971 50 214 5379','',3,'',''),(308,'Bahi Kamel','','','',2,'United Arab Emirates','United Arab Emirates'),(309,'Bahi Kamel','kamelbahi@icloud.com','0522960679','',2,'',''),(310,'anil kumar','','','',2,'United Arab Emirates','United Arab Emirates'),(311,'anil kumar','anilsvnp1179@gmail.com','971 52 120 5183','',2,'',''),(312,'Saad Raza','','','',2,'Pakistan','Pakistan'),(313,'Saad Raza','stonsmile@gmail.com','0529567769','',2,'',''),(314,'Valerie Anne Sadiasa','','','',2,'United Arab Emirates','United Arab Emirates'),(315,'Valerie Anne Sadiasa','vallerie_sadiasa@yahoo.com','971 55 217 3882','',2,'',''),(316,'Kamran Arshid','','','',2,'United Arab Emirates','United Arab Emirates'),(317,'Kamran Arshid','kamranvac50@gmail.com','971 50 582 6567','',2,'',''),(318,'Mohamed Riyaz','','','',3,'United Arab Emirates','United Arab Emirates'),(319,'Mohamed Riyaz','riyaz4me@gmail.com','971 52-774-5029','',3,'',''),(320,'Mohammed Jamiu','','','',3,'United Arab Emirates','United Arab Emirates'),(321,'Mohammed Jamiu','mohammedwaju@gmail.com','971 55 727 5210','',3,'',''),(322,'Imran Arshad','','','',3,'United Arab Emirates','United Arab Emirates'),(323,'Imran Arshad','dc.imran@hotmail.com','971 52 390 8858','',3,'',''),(324,'Taqui Ahmed Baig Mirza','','','',3,'United Arab Emirates','United Arab Emirates'),(325,'Taqui Ahmed Baig Mirza','sbaig49@gmail.com','0547141858','',3,'',''),(326,'Samanta Akofor','','','',2,'United Arab Emirates','United Arab Emirates'),(327,'Samanta Akofor','afokorsamantha@gmail.com','0554098693','',2,'',''),(328,'Abdulrehaman Zahid mehmood','','','',3,'United Arab Emirates','United Arab Emirates'),(329,'Abdulrehaman Zahid mehmood','abdulrehamanzahid@gmail.com','00971586003318','',3,'',''),(330,'Floyd Tanan','','','',3,'United Arab Emirates','United Arab Emirates'),(331,'Floyd Tanan','floyd.tanan@gmail.com','971 52 124 0739','',3,'',''),(332,'Geraldine Calubong','','','',3,'United Arab Emirates','United Arab Emirates'),(333,'Geraldine Calubong','geralddcalubong@gmail.com','0565986494','',3,'',''),(334,'JASEEM Armani chola','','','',2,'United Arab Emirates','United Arab Emirates'),(335,'JASEEM Armani chola','acjaseem@gmail.com','0568243578','',2,'',''),(336,'Sana Al Khamissi','','','',2,'United Arab Emirates','United Arab Emirates'),(337,'Sana Al Khamissi','sana@educationdesign.com','0508197545','',2,'',''),(338,'Ramzy Alsaygh','','','',2,'United Arab Emirates','United Arab Emirates'),(339,'Ramzy Alsaygh','ramzyalsaygh@gmail.com','971565775369','',2,'',''),(340,'Jean Leadoux Yemdjo','','','',2,'United Arab Emirates','United Arab Emirates'),(341,'Jean Leadoux Yemdjo','yemdjojean@gmail.com','971 52 213 7669','',2,'',''),(342,'khamarodhean .','','','',2,'United Arab Emirates','United Arab Emirates'),(343,'khamarodhean .','kamaradin@hotmail.com','971 52 875 0993','',2,'',''),(344,'Floyd Tanan','','','',2,'United Arab Emirates','United Arab Emirates'),(345,'Floyd Tanan','floyd.tanan@gmail.com','971 52 124 0739','',2,'',''),(346,'Taqui Ahmed Baig Mirza','','','',2,'United Arab Emirates','United Arab Emirates'),(347,'Taqui Ahmed Baig Mirza','sbaig49@gmail.com','0547141858','',2,'',''),(348,'Mark Romelson Perez','','','',2,'Philippines','Philippines'),(349,'Mark Romelson Perez','markromelson.perez@gmail.com','0563188471','',2,'',''),(350,'Glenn Ladrillo','','','',2,'UAE','UAE'),(351,'Glenn Ladrillo','glenn.ladrillo@henkel.com','0556003674','',2,'',''),(352,'Ragda Sahr Shamsher','','','',2,'UAE','UAE'),(353,'Ragda Sahr Shamsher','ragdasahar@gmail.com','0505567219','',2,'',''),(354,'Qareena Asim','','','',2,'Uae','Uae'),(355,'Qareena Asim','qareena2006721@gmail.com','0506308976','',2,'',''),(356,'Gaelle Feudjio Tatang','','','',2,'Cameroon','Cameroon'),(357,'Gaelle Feudjio Tatang','gaelletatang73@gmail.com','0586961375','',2,'',''),(358,'Maria Violeta Dayo','','','',2,'United Arab Emirates','United Arab Emirates'),(359,'Maria Violeta Dayo','mariavioletadayo@gmail.com','971 52 690 3932','',2,'',''),(360,'MUBARAKALI Tharammal','','','',2,'Uae','Uae'),(361,'MUBARAKALI Tharammal','bapubapz@gmail.com','0554424536','',2,'',''),(362,'Mansi Rawat','','','',2,'United Arab Emirates','United Arab Emirates'),(363,'Mansi Rawat','9723.mannu@gmail.com','971 58 530 1923','',2,'',''),(364,'Janice Manalo','','','',2,'United Arab Emirates','United Arab Emirates'),(365,'Janice Manalo','jacomanalo201@gmail.com','971 627 9656','',2,'',''),(366,'Janai Milanbekova','','','',2,'United Arab Emirates','United Arab Emirates'),(367,'Janai Milanbekova','Janailupen@gmail.com','971 54 381 2539','',2,'',''),(368,'Nour Elsiddig Gabir Eltahir','','','',2,'Al Nuaimia','Al Nuaimia'),(369,'Nour Elsiddig Gabir Eltahir','nourelsiddiq306@gmail.com','971 50 668 5817','',2,'',''),(370,'Ahmed Raafat Gaber','','','',2,'United Arab Emirates','United Arab Emirates'),(371,'Ahmed Raafat Gaber','ahmed.raaft@gmail.com','0526903932','',2,'',''),(372,'Angus Reego','reegoangus@gmail.com','971 52 151 5040','',2,'',''),(373,'Carlo Miranda','','','',2,'United Arab Emirates','United Arab Emirates'),(374,'Carlo Miranda','charlesrandof@gmail.com','971  52 968 2006','',2,'',''),(375,'Nehla Rahman','','','',2,'United Arab Emirates','United Arab Emirates'),(376,'Nehla Rahman','nehlarahman97@gmail.com','971 55 662 7031','',2,'',''),(377,'Ariya Pusushothaman','','','',2,'United Arab Emirates','United Arab Emirates'),(378,'Ariya Pusushothaman','ariyapususho2020@gmail.com','971 56 870 2294','',2,'',''),(379,'MD Manirulaman','','','',2,'United Arab Emirates','United Arab Emirates'),(380,'MD Manirulaman','Mdmaniruzzaman91@gmail.com','971 52 652 1284','',2,'',''),(381,'Hashmukh Tarbuivdiya','','','',2,'United Arab Emirates','United Arab Emirates'),(382,'Hashmukh Tarbuivdiya','tarbundiya.hasmukh@gmail.com','971 55 782 9028','',2,'',''),(383,'Mohammed Shafi','','','',2,'United Arab Emirates','United Arab Emirates'),(384,'Mohammed Shafi','mohammedshafipm@yahoo.com','971 56 946 7644','',2,'',''),(385,'Noreen Lacayanga','','','',2,'United Arab Emirates','United Arab Emirates'),(386,'Noreen Lacayanga','nclacayanga@gmail.com','971 544461936','',2,'',''),(387,'Hamza Nazir','','','',2,'United Arab Emirates','United Arab Emirates'),(388,'Hamza Nazir','Hamza.nazirTechnoengineering@gmail.com','971 50 646 1819','',2,'',''),(389,'Toufeeq PT','','','',2,'United Arab Emirates','United Arab Emirates'),(390,'Toufeeq PT','Thoufeeqpt2397@gmail.com','971 50 278 1602','',2,'',''),(391,'ahlam .','','','',2,'United Arab Emirates','United Arab Emirates'),(392,'ahlam .','ahlam@gmail.com','971 50440 2500','',2,'',''),(393,'Jinu Nasamony','','','',2,'United Arab Emirates','United Arab Emirates'),(394,'Jinu Nasamony','jinu2020@gmail.com','971 52 244 9326','',2,'',''),(395,'Manesh .','','','',2,'United Arab Emirates','United Arab Emirates'),(396,'Manesh .','manesh@gmail.com','971 56 738 4885','',2,'',''),(397,'Jorick Joy De Castro','','','',2,'United Arab Emirates','United Arab Emirates'),(398,'Jorick Joy De Castro','Jorickjoydecastro@gmail.com','971 50 214 5379','',2,'',''),(399,'Rajesh Singari','','','',2,'United Arab Emirates','United Arab Emirates'),(400,'Rajesh Singari','Rajeshsingari123@gmail.com','971 50 893 0637','',2,'',''),(401,'Carl Potot','','','',2,'United Arab Emirates','United Arab Emirates'),(402,'Carl Potot','carlmp0613@gmail.com','0525799668','',2,'',''),(403,'Jayric Plenos','','','',2,'United Arab Emirates','United Arab Emirates'),(404,'Jayric Plenos','cirij91@yahoo.com','0553751875','',2,'',''),(405,'Anagh Prasad','','','',2,'United Arab Emirates','United Arab Emirates'),(406,'Anagh Prasad','anaghP21@gmail.com','971 58 582 3703','',2,'',''),(407,'Mannan Kapasi','','','',2,'United Arab Emirates','United Arab Emirates'),(408,'Mannan Kapasi','kapasimannan@hotmail.com','971 50 749 5119','',2,'',''),(409,'Olesya Stadnik','','','',2,'United Arab Emirates','United Arab Emirates'),(410,'Olesya Stadnik','olesya_stadnik@yahoo.com','971 50 836 1752','',2,'',''),(411,'Mahmoud .','','','',2,'United Arab Emirates','United Arab Emirates'),(412,'Mahmoud .','mail.pmahmoud2218@gmail.com','971 50 438 2218','',2,'',''),(413,'Ciara Angela Alcaide','','','',2,'United Arab Emirates','United Arab Emirates'),(414,'Ciara Angela Alcaide','alcaideciaraangela@gmail.com','971 56 819 8099','',2,'',''),(415,'Hibah Khan','','','',2,'United Arab Emirates','United Arab Emirates'),(416,'Hibah Khan','hibahmay29@gmail.com','+971 585490529','',2,'',''),(417,'Irshad Marapinte','','','',2,'United Arab Emirates','United Arab Emirates'),(418,'Irshad Marapinte','irshadM41@gmail.com','971 56 356 5105','',2,'',''),(419,'Ciara Angela Alcaide','alcaideciaraangela@gmail.com','971 56 819 8099','',2,'United Arab Emirates','United Arab Emirates'),(420,'Muhammad Nawaz','','','',2,'United Arab Emirates','United Arab Emirates'),(421,'Muhammad Nawaz','nawazuae99@gmail.com','971 52 221 7364','',2,'',''),(422,'Bianca Lucco','','','',2,'United Arab Emirates','United Arab Emirates'),(423,'Bianca Lucco','blucco22@gmail.com','971 58 577 3051','',2,'',''),(424,'Nihed Dhralef Ep Ashour','','','',2,'United Arab Emirates','United Arab Emirates'),(425,'Nihed Dhralef Ep Ashour','nihad.dhnief@hotmail.com','971 54 448- 8830','',2,'',''),(426,'Raja Khan','','','',2,'united Arab Emirates','united Arab Emirates'),(427,'Raja Khan','mraja8767@gmail.com','971- 55 249 0129','',2,'',''),(428,'Ashwin S. S','','','',2,'United Arab Emirates','United Arab Emirates'),(429,'Ashwin S. S','ashwinss123@gmail.com','971 54 485 7327','',2,'',''),(430,'Monette Villalon','','','',2,'United Arab Emirates','United Arab Emirates'),(431,'Monette Villalon','villalon.monette0517@gmail.com','971 50 930 7141','',2,'',''),(432,'Reem Abdullah','','','',2,'United Arab Emirates','United Arab Emirates'),(433,'Reem Abdullah','reem54@gmail.com','971 5 698 3878','',2,'',''),(434,'Mohamed Ali MAnkada','','','',2,'United Arab Emirates','United Arab Emirates'),(435,'Mohamed Ali MAnkada','Mohalimankada@gmail.com','971 58 145 3770','',2,'',''),(436,'Maya Al-Khzaee','','','',2,'Al Barsha 1 Street','Al Barsha 1 Street'),(437,'Maya Al-Khzaee','mayaalkhzaee@yahoo.com','971 52 527 0738','',2,'',''),(438,'Lelanie Fernandez','','','',2,'United Arab Emirates','United Arab Emirates'),(439,'Lelanie Fernandez','lelaniefernandez@gmail.com','971 55 215 9970','',2,'',''),(440,'Samrakshana Suresh','','','',2,'United Arab Emirates','United Arab Emirates'),(441,'Samrakshana Suresh','samrakshana24@gmail.com','971 56 801 3290','',2,'',''),(442,'Amit Kalyan','','','',2,'United Arab Emirates','United Arab Emirates'),(443,'Amit Kalyan','amkalyan09@gmail.com','971 50326 9174','',2,'',''),(444,'VIDHEESH VISWANADHAN','','','',47,'DUBAI','DUBAI'),(445,'VIDHEESH VISWANADHAN','VIDHEESHVISWANADHAN@GMAIL.COM','0 545356765','',47,'',''),(446,'Waqas Ali','','','',2,'United Arab Emirates','United Arab Emirates'),(447,'Waqas Ali','aliwaqas095@gmail.com','971 56 850 7849','',2,'',''),(448,'Ranganathan Aylanpalayan Natraj','','','',2,'United Arab Emirates','United Arab Emirates'),(449,'Ranganathan Aylanpalayan Natraj','rangabuilders@gmail.com','971 56 9414 027','',2,'',''),(450,'Sadam Niaz','','','',2,'United Arab Emirates','United Arab Emirates'),(451,'Sadam Niaz','rajasaoam297@gmail.com','971- 58 919 5987','',2,'',''),(452,'VIDHEESH VISWANADHAN','','','',2,'UAE','UAE'),(453,'VIDHEESH VISWANADHAN','VIDHEESHVISWANADHAN@GMAIL.COM','0 545356765','',2,'',''),(454,'Sumith K.R','','','',2,'United Arab emirates','United Arab emirates'),(455,'Sumith K.R','sumith1756@gmail.com','971 58 974 2884','',2,'',''),(456,'Mayudin Multani','','','',2,'united Arab Emirates','united Arab Emirates'),(457,'Mayudin Multani','mayudinmultani@gmail.com','971 55 631 7374','',2,'',''),(458,'Carissa Mae Espino','','','',3,'United Arab Emirates','United Arab Emirates'),(459,'Carissa Mae Espino','carissaespino@gmail.com','971 54 474 4756','',3,'',''),(460,'Arjun Singh SAndhu','','','',2,'United Arab Emirates','United Arab Emirates'),(461,'Arjun Singh SAndhu','arjun55@gmail.com','971 52 275 0415','',2,'',''),(462,'Carmen Barter','','','',2,'United Arab Emirates','United Arab Emirates'),(463,'Carmen Barter','kymcarcon@gmail.com','971 50 580 6873','',2,'',''),(464,'Numan Hussain Mohammed','','','',2,'United Arab Emirates','United Arab Emirates'),(465,'Numan Hussain Mohammed','numan26@gmail.com','971 54 783 2354','',2,'',''),(466,'Praveen Gilbert','','','',2,'United Arab Emirates','United Arab Emirates'),(467,'Praveen Gilbert','praveengee@gmail.com','+971505232641','',2,'',''),(468,'Mary Mae Marasigan','','','',2,'United Arab Emirates','United Arab Emirates'),(469,'Mary Mae Marasigan','marymaemarasigan@gmail.com','971 54 707 9637','',2,'',''),(470,'Waqas Ali','waqasali95@gmail.com','971 56 850 7849','',2,'',''),(471,'Carissa Mae Espino','','','',2,'United Arab Emirates','United Arab Emirates'),(472,'Carissa Mae Espino','Carissaespino@gmail.com','971 54 474 4756','',2,'',''),(473,'ARCHA ANIL','','','',2,'UAE','UAE'),(474,'ARCHA ANIL','archaanilkumar9970@gmail.com','+971 567368841','',2,'',''),(475,'Rey John Paul Paitan','','','',2,'United Arab Emirates','United Arab Emirates'),(476,'Rey John Paul Paitan','reyjohnpaulpaitan@gmail.com','971 1988-3249185-0','',2,'',''),(477,'Sani Tamimi','','','',2,'United Arab Emirates','United Arab Emirates'),(478,'Sani Tamimi','samitamimi1995@gmail.com','971 56 560 6139','',2,'',''),(479,'Sanju m.s','','','',2,'United Arab Emirates','United Arab Emirates'),(480,'Sanju m.s','sanjumsgcc@gmail.com','971 56 765 9233','',2,'',''),(481,'Tagreed Ratib Mesleh','','','',2,'United Arab Emirates','United Arab Emirates'),(482,'Tagreed Ratib Mesleh','tagreed@sparksandcurves.com','971- 50 552 0241','',2,'',''),(483,'Manoj Damani','','','',2,'united arab emirates','united arab emirates'),(484,'Manoj Damani','md@alphaplusdubai.com','971 -50 558- 1316','',2,'',''),(485,'Derick Samagbe','','','',2,'United Arab Emirates','United Arab Emirates'),(486,'Derick Samagbe','dericksamagbe019@gmail.com','971 56 613 9016','',2,'',''),(487,'ANJALI ANIL KUMAR','','','',2,'UAE','UAE'),(488,'ANJALI ANIL KUMAR','anjaliakp@gmail.com','+971 566174145','',2,'',''),(489,'Haris Nokhaiz','','','',2,'United Arab Emirates','United Arab Emirates'),(490,'Haris Nokhaiz','haris@gmail.com','971 50 165 0848','',2,'',''),(491,'Aslam A','','','',2,'UAE','UAE'),(492,'Aslam A','aslamprior@gmail.com','+971 581733158','',2,'',''),(493,'Govindaraj R','','','',2,'UAE','UAE'),(494,'Govindaraj R','govindaraj.dubai@gmail.com','+971 542383649','',2,'',''),(495,'Yahya Salaheldin Ahmed','','','',2,'United Arab Emirates','United Arab Emirates'),(496,'Yahya Salaheldin Ahmed','yahyah.broza@gmail.com','971 50 750 7641','',2,'',''),(497,'Ed burno','','','',47,'UAE','UAE'),(498,'Ed burno','ed.borno@global-tes.com','+971 521503278','',47,'',''),(499,'Sunil Kumar K M','','','',47,'UAE','UAE'),(500,'Sunil Kumar K M','skm.kumar.050@gmail.com','+971 566033624','',47,'',''),(501,'Daniela Simona Cosnita','','','',2,'United Arab Emirates','United Arab Emirates'),(502,'Daniela Simona Cosnita','DanielaSimona@gmail.com','971 55 544 1366','',2,'',''),(503,'Ranjan Axalan','','','',2,'United Arab Emirates','United Arab Emirates'),(504,'Ranjan Axalan','rjanaxalan@gmail.com','971- 50 814 2497','',2,'',''),(505,'Derrick komla Ametame','','','',2,'UAE','UAE'),(506,'Derrick komla Ametame','deeicer11@gmail.com','+971 527704345','',2,'',''),(507,'Sanjay Singh Rethod','','','',2,'United Arab Emirates','United Arab Emirates'),(508,'Sanjay Singh Rethod','sanjaybann500@gmail.com','971 50 768 5982','',2,'',''),(509,'Joseph Hinsley','','','',2,'United Arab Emirates','United Arab Emirates'),(510,'Joseph Hinsley','joehinsley@gmail.com','971 58 526 2412','',2,'',''),(511,'Tyrone Herbert','','','',2,'United Arab Emirates','United Arab Emirates'),(512,'Tyrone Herbert','tyrone0304@hotmail.com','971 58 595 9910','',2,'',''),(513,'Reshwan Taha','','','',2,'United Arab Emirates','United Arab Emirates'),(514,'Reshwan Taha','reshwan_1992@hotmail.com','971 50 113 0477','',2,'',''),(515,'Majeesh Manirajan','','','',2,'United Arab Emirates','United Arab Emirates'),(516,'Majeesh Manirajan','mmajeesh@gmail.com','971 55 335 1240','',2,'',''),(517,'Sooraj Sukumaran','','','',2,'United Arab Emirates','United Arab Emirates'),(518,'Sooraj Sukumaran','sooraj@gmail.com','971 55 477 2332','',2,'',''),(519,'Muhammad Nafi','','','',2,'United Arab Emirates','United Arab Emirates'),(520,'Muhammad Nafi','muhammednafi2000@gmail.com','971 56 941 1403','',2,'',''),(521,'Fawaz Shah Muhammad','','','',2,'United Arab Emirates','United Arab Emirates'),(522,'Fawaz Shah Muhammad','fawaz_shah3124@gmail.com','971 50 253 1510','',2,'',''),(523,'Najeeb P Jamal','','','',47,'UAE','UAE'),(524,'Najeeb P Jamal','najeeb.jp@gmail.com','+971 562096789','',47,'',''),(525,'Mohammed Shoaib Khan','','','',47,'UAE','UAE'),(526,'Mohammed Shoaib Khan','shoaib.khan7349420@gmail.com','+971 565062402','',47,'',''),(527,'Mohamed Nazeel','','','',47,'UAE','UAE'),(528,'Mohamed Nazeel','nazarnazeel@gmail.com','+971 544490016','',47,'',''),(529,'Surendran nil','','','',47,'UAE','UAE'),(530,'Surendran nil','surendran@gmail.com','+971 567253274','',47,'',''),(531,'Ajmal fayis','','','',47,'UAE','UAE'),(532,'Ajmal fayis','ajmalfayis35@gmail.com','+971 562289946','',47,'',''),(533,'Mohemmed Mohiuddin','','','',47,'UAE','UAE'),(534,'Mohemmed Mohiuddin','mohitahir1999@gmail.com','+971 504147123','',47,'',''),(535,'Bruno Duarte bar','','','',47,'UAE','UAE'),(536,'Bruno Duarte bar','brunobid@gmail.com','+971 551392792','',47,'','');
/*!40000 ALTER TABLE `invoices_client` ENABLE KEYS */;
UNLOCK TABLES;

--
-- Table structure for table `invoices_companyprofile`
--

DROP TABLE IF EXISTS `invoices_companyprofile`;
/*!40101 SET @saved_cs_client     = @@character_set_client */;
/*!50503 SET character_set_client = utf8mb4 */;
CREATE TABLE `invoices_companyprofile` (
  `id` bigint NOT NULL AUTO_INCREMENT,
  `name` varchar(255) NOT NULL,
  `company_pdf` varchar(100) NOT NULL,
  `created_at` datetime(6) NOT NULL,
  `user_id` int NOT NULL,
  PRIMARY KEY (`id`),
  KEY `invoices_companyprofile_user_id_0ece921f_fk_auth_user_id` (`user_id`),
  CONSTRAINT `invoices_companyprofile_user_id_0ece921f_fk_auth_user_id` FOREIGN KEY (`user_id`) REFERENCES `auth_user` (`id`)
) ENGINE=InnoDB AUTO_INCREMENT=12 DEFAULT CHARSET=utf8mb4 COLLATE=utf8mb4_0900_ai_ci;
/*!40101 SET character_set_client = @saved_cs_client */;

--
-- Dumping data for table `invoices_companyprofile`
--

LOCK TABLES `invoices_companyprofile` WRITE;
/*!40000 ALTER TABLE `invoices_companyprofile` DISABLE KEYS */;
INSERT INTO `invoices_companyprofile` VALUES (9,'EMKAAN','company_profiles/revit_completion_letter.pdf','2024-12-18 14:11:12.567367',3),(10,'GBI','company_profiles/Completion_Letter_240706_192153.pdf','2024-12-18 14:43:56.160045',3),(11,'Hunter','company_profiles/revit_completion_letter_wAXeKBF.pdf','2024-12-19 11:21:02.637689',2);
/*!40000 ALTER TABLE `invoices_companyprofile` ENABLE KEYS */;
UNLOCK TABLES;

--
-- Table structure for table `invoices_corporateregistration`
--

DROP TABLE IF EXISTS `invoices_corporateregistration`;
/*!40101 SET @saved_cs_client     = @@character_set_client */;
/*!50503 SET character_set_client = utf8mb4 */;
CREATE TABLE `invoices_corporateregistration` (
  `id` bigint NOT NULL AUTO_INCREMENT,
  `company_name` varchar(255) NOT NULL,
  `company_address` longtext NOT NULL,
  `company_location` varchar(255) NOT NULL,
  `company_phone` varchar(20) NOT NULL,
  `company_email` varchar(254) NOT NULL,
  `registration_id` bigint NOT NULL,
  PRIMARY KEY (`id`),
  UNIQUE KEY `registration_id` (`registration_id`),
  CONSTRAINT `invoices_corporatere_registration_id_19f80857_fk_invoices_` FOREIGN KEY (`registration_id`) REFERENCES `invoices_registration` (`id`)
) ENGINE=InnoDB AUTO_INCREMENT=14 DEFAULT CHARSET=utf8mb3;
/*!40101 SET character_set_client = @saved_cs_client */;

--
-- Dumping data for table `invoices_corporateregistration`
--

LOCK TABLES `invoices_corporateregistration` WRITE;
/*!40000 ALTER TABLE `invoices_corporateregistration` DISABLE KEYS */;
INSERT INTO `invoices_corporateregistration` VALUES (5,'Abc','AA','ZXZX','0566566566','syedoubadah@gmail.com',37),(12,'demo','sa','ad','ASD','juraij@gmail.com',82),(13,'Biotech Pharma Drug Store LLC','Warehouse S-05 AL Ttay, Al Khawaneej, Dubai United Arab Emirates','266 Al Gharhoud Business Center','971 55 851 2737','info@biotech-pharma.net',134);
/*!40000 ALTER TABLE `invoices_corporateregistration` ENABLE KEYS */;
UNLOCK TABLES;

--
-- Table structure for table `invoices_course`
--

DROP TABLE IF EXISTS `invoices_course`;
/*!40101 SET @saved_cs_client     = @@character_set_client */;
/*!50503 SET character_set_client = utf8mb4 */;
CREATE TABLE `invoices_course` (
  `id` bigint NOT NULL AUTO_INCREMENT,
  `name` varchar(255) NOT NULL,
  `rate` decimal(10,2) NOT NULL,
  `code` varchar(10) NOT NULL,
  `batch_rate` decimal(10,2) NOT NULL,
  `online_rate` decimal(10,2) NOT NULL,
  `private_rate` decimal(10,2) NOT NULL,
  PRIMARY KEY (`id`)
) ENGINE=InnoDB AUTO_INCREMENT=93 DEFAULT CHARSET=utf8mb3;
/*!40101 SET character_set_client = @saved_cs_client */;

--
-- Dumping data for table `invoices_course`
--

LOCK TABLES `invoices_course` WRITE;
/*!40000 ALTER TABLE `invoices_course` DISABLE KEYS */;
INSERT INTO `invoices_course` VALUES (1,'CCTV Course',2500.00,'CC',1000.00,1250.00,2000.00),(2,'IOT Python Course',1800.00,'IP',1.00,1.00,1.00),(3,'Data Science Course',5000.00,'DS',1.00,1.00,1.00),(4,'Data Analytics Course',4500.00,'DA',1.00,1.00,1.00),(5,'PPC Course',1500.00,'PP',1.00,1.00,1.00),(6,'SMO Course',1500.00,'SM',1.00,1.00,1.00),(7,'SEO Course',1500.00,'SE',1.00,1.00,1.00),(8,'Digital Marketing 360 Course',3000.00,'DM',1.00,1.00,1.00),(9,'Digital Marketing Course',2000.00,'DC',1.00,1.00,1.00),(10,'Microsoft Excel Advace Course',1000.00,'ME',1.00,1.00,1.00),(11,'Microsoft Excel Course',1000.00,'EX',1.00,1000.00,1.00),(12,'Microsoft Office Professional Course',1900.00,'MO',1.00,1250.00,1.00),(13,'Microsoft Office Basic Course',1250.00,'MB',1000.00,1.00,1.00),(14,'Python Course',1500.00,'PY',1.00,1.00,1.00),(15,'Back End (Python) Development Course',1600.00,'BD',1.00,1.00,1.00),(16,'Front End (React) Development Course',1500.00,'FD',1.00,1.00,1.00),(17,'Back End (php) Development Course',1600.00,'BP',1.00,1.00,1.00),(18,'Front End (HTML) Development Course',1500.00,'FH',1.00,1.00,1.00),(19,'php Development Course',1750.00,'PD',1.00,1.00,1.00),(20,'CCNP Course',1750.00,'CN',1.00,1.00,1.00),(21,'CCNA Course',1750.00,'CA',1.00,1.00,1.00),(22,'Robotics Course',1650.00,'RO',1.00,1.00,1.00),(23,'Dialux Course',1600.00,'DI',1.00,1.00,1.00),(24,'Solar Technician Course',1600.00,'ST',1.00,1.00,1.00),(25,'Solar Simulation Course',1200.00,'SS',1.00,1.00,1.00),(26,'Solar Pro Simulation Course',1900.00,'SP',1.00,1.00,1.00),(27,'Solar Professional Course',1750.00,'SC',1.00,1.00,1.00),(28,'Canva Course',1200.00,'CV',1.00,1.00,1.00),(29,'After Effect Course',1250.00,'AE',1.00,1.00,1.00),(30,'Permier Pro Course',1250.00,'PR',1.00,1.00,1.00),(31,'Video Editing (PP+AE) Course',3000.00,'VE',1.00,1.00,1.00),(32,'Graphic Design (AI+PS+XD) Course',1850.00,'GD',1.00,1.00,1.00),(33,'Graphic Design (AI+PS+ID) Course',1850.00,'GA',1.00,1.00,1.00),(34,'Graphic Design (AI+PS) Course',1300.00,'GP',1.00,1.00,1.00),(35,'Microsoft Project Course',1400.00,'MP',1.00,1.00,1.00),(36,'Primavera P6 Course',1750.00,'P6',1.00,1.00,1.00),(37,'Tekla Structure Course',1750.00,'TS',1.00,1.00,1.00),(38,'STAAD Pro Course',2000.00,'SP',1.00,1.00,1.00),(39,'Fusion 360 Course',3000.00,'FU',1.00,1.00,1.00),(40,'Invetor Course',2600.00,'IN',1.00,1.00,1.00),(41,'Solidworks Course',2500.00,'SW',2000.00,4000.00,4250.00),(42,'Lumion Course',1750.00,'LU',1.00,1.00,1.00),(43,'Vray Course',1750.00,'VR',1.00,1.00,1.00),(44,'3DS Max Course',2500.00,'3D',1.00,1.00,1.00),(45,'Rhino Course',2095.00,'RH',1.00,1.00,1.00),(46,'Navisworks Course',1750.00,'NW',1.00,1.00,1.00),(47,'Revit BIM Course',3150.00,'RB',1.00,1.00,1.00),(48,'Revit Infrastructure Course',1750.00,'RI',1.00,1.00,1.00),(49,'Revit MEP Course',1750.00,'RM',1.00,1500.00,1.00),(50,'AutoCAD Civil 3D Course',3000.00,'AC',1.00,1.00,1.00),(51,'AutoCAD Electrical Course',1500.00,'AE',1.00,1.00,1.00),(52,'Revit Structure Course',1750.00,'RS',1.00,1.00,1.00),(53,'Revit Architecture Course',1600.00,'RA',1.00,1600.00,1.00),(54,'AutoCAD Course',1250.00,'AU',1100.00,1500.00,2000.00),(55,'Full Stack Web Development',2350.00,'FS',1.00,1.00,1.00),(56,'C++',1250.00,'CP',1.00,1.00,1.00),(57,'Wordpress Full Stack Web Development',1500.00,'WF',1.00,1.00,1.00),(58,'Interior Designing',5600.00,'ID',1.00,1.00,1.00),(59,'Sketch Up',1400.00,'SU',1.00,1200.00,1.00),(60,'AUTOCAD 2D MEP',2300.00,'AM',1.00,1.00,1.00),(61,'React.js Course In-house',1440.00,'',1.00,1.00,1.00),(62,'React.js Course External',1680.00,'',1.00,1.00,1.00),(63,'BIM 360',2000.00,'',1.00,1.00,1.00),(64,'Dialox',1600.00,'',1.00,1.00,1.00),(65,'Creo Parametric',2800.00,'',1.00,1.00,1.00),(66,'Corona',3000.00,'',1.00,1.00,1.00),(67,'Interior Design ( 1 year)',10000.00,'',1.00,1.00,1.00),(68,'Microsoft 365 Course',1290.00,'',1000.00,1800.00,2000.00),(69,'Outlook Course',900.00,'',600.00,1200.00,1500.00),(70,'Interior Design ( 4Months)',2800.00,'',2800.00,0.00,0.00),(71,'3DsMax & Vray',3000.00,'',0.00,0.00,0.00),(72,'Photoshop',950.00,'',0.00,0.00,0.00),(73,'Adobe InDesign',1250.00,'',0.00,0.00,0.00),(74,'Arduino Essential',2100.00,'',0.00,0.00,0.00),(75,'Mern Web Development',2500.00,'',0.00,0.00,0.00),(76,'E-commerce',1.00,'',1500.00,1500.00,1.00),(77,'Solar PV Syst',0.01,'',0.01,0.01,1850.00),(78,'Illustrator',1000.00,'',0.00,0.00,0.00),(79,'Revit Course',1750.00,'',1750.00,1750.00,1750.00),(80,'Data Server',2200.00,'',0.00,0.00,0.00),(81,'Mep Estimation',1500.00,'',1000.00,1750.00,2500.00),(82,'Financial Excel Course',1150.00,'',1000.00,1500.00,1900.00),(83,'Revit Architecture ( Basic )',1300.00,'',0.00,0.00,0.00),(84,'Revit Architecture ( Advance )',1750.00,'',0.00,0.00,0.00),(85,'Revit Structure ( Basic )',1300.00,'',0.00,0.00,0.00),(86,'Revit Structure ( Advance )',1750.00,'',0.00,0.00,0.00),(87,'Revit MEP ( Basic )',1300.00,'',0.00,0.00,0.00),(88,'Revit MEP ( Advance )',1750.00,'',0.00,0.00,0.00),(89,'ARC-GIS',10000.00,'',0.00,10000.00,0.00),(90,'ESRI ARC GIS Training',12000.00,'',6500.00,8500.00,12000.00),(91,'BIM Coordinator',4500.00,'',0.00,0.00,0.00),(92,'Interior Design ( 6 Months )',5500.00,'',0.00,0.00,0.00);
/*!40000 ALTER TABLE `invoices_course` ENABLE KEYS */;
UNLOCK TABLES;

--
-- Table structure for table `invoices_coursecontent`
--

DROP TABLE IF EXISTS `invoices_coursecontent`;
/*!40101 SET @saved_cs_client     = @@character_set_client */;
/*!50503 SET character_set_client = utf8mb4 */;
CREATE TABLE `invoices_coursecontent` (
  `id` bigint NOT NULL AUTO_INCREMENT,
  `title` varchar(255) NOT NULL,
  `file` varchar(100) NOT NULL,
  `upload_date` datetime(6) NOT NULL,
  `course_id` bigint NOT NULL,
  PRIMARY KEY (`id`),
  KEY `invoices_coursecontent_course_id_3c26eb1c_fk_invoices_course_id` (`course_id`),
  CONSTRAINT `invoices_coursecontent_course_id_3c26eb1c_fk_invoices_course_id` FOREIGN KEY (`course_id`) REFERENCES `invoices_course` (`id`)
) ENGINE=InnoDB AUTO_INCREMENT=31 DEFAULT CHARSET=utf8mb3;
/*!40101 SET character_set_client = @saved_cs_client */;

--
-- Dumping data for table `invoices_coursecontent`
--

LOCK TABLES `invoices_coursecontent` WRITE;
/*!40000 ALTER TABLE `invoices_coursecontent` DISABLE KEYS */;
INSERT INTO `invoices_coursecontent` VALUES (4,'Tekla Structure','course_contents/Tekla_Structure.pdf','2024-08-05 16:38:27.223862',37),(5,'STAAD Pro','course_contents/Staad_Pro.pdf','2024-08-05 16:39:00.910853',38),(7,'Fusion 360','course_contents/Fusion_360.pdf','2024-08-05 16:39:45.972483',39),(8,'Solidworks','course_contents/SolidWorks.pdf','2024-08-05 16:40:24.546935',41),(9,'Revit Structure','course_contents/Revit_Structure.pdf','2024-08-05 17:04:18.133606',52),(10,'SketchUp','course_contents/Sketchup.pdf','2024-08-05 17:08:55.878063',59),(12,'AutoCAD','course_contents/AutoCAD.pdf','2024-08-07 10:25:25.564350',54),(13,'Revit Architecture','course_contents/Revit_Architecture.pdf','2024-08-07 10:25:57.610186',53),(14,'Revit MEP','course_contents/Revit_MEP.pdf','2024-08-07 10:26:53.210205',49),(15,'Primavera P6','course_contents/Primavera_P6_EkAfpm9.pdf','2024-08-07 14:35:09.367562',36),(16,'Microsoft Project','course_contents/Microsoft_Porject.pdf','2024-08-07 14:36:22.497202',35),(18,'Microsoft Excel','course_contents/Microsoft_Excel.pdf','2024-08-07 14:51:24.250232',11),(19,'Navisworks','course_contents/NAVISWORKS.pdf','2024-08-08 14:31:46.220910',46),(20,'Revit BIM With Naviswork','course_contents/Revit_BIM_with_naviswork_IyFxBNs.pdf','2024-08-08 14:33:00.117306',47),(21,'Revit BIM','course_contents/Revit_BIM_Ebe0ZbE.pdf','2024-08-08 14:33:14.656770',47),(22,'Microsoft Office','course_contents/Microsoft_Office.pdf','2024-08-08 14:36:04.713863',12),(23,'React.js','course_contents/React.js_brochure.pdf','2024-08-15 10:12:16.768886',61),(24,'React.js','course_contents/React.js_brochure_d929CH2.pdf','2024-08-15 10:12:42.644536',62),(25,'Microsoft 365 Course','course_contents/Microsoft_365.pdf','2024-10-29 10:02:25.162933',68),(26,'Outlook Course','course_contents/MIcrosoft_Outlook.pdf','2024-10-29 10:03:07.088616',69),(28,'Rhino 3D','course_contents/Rhino_3D_1.pdf','2024-12-16 14:40:00.692850',45),(29,'Advance Financial Excell','course_contents/Advance_Financial_Excel.pdf','2025-01-26 13:06:02.376470',82),(30,'Microsoft Excell Advance','course_contents/Advance_Excel.pdf','2025-01-26 13:11:16.362463',10);
/*!40000 ALTER TABLE `invoices_coursecontent` ENABLE KEYS */;
UNLOCK TABLES;

--
-- Table structure for table `invoices_formupload`
--

DROP TABLE IF EXISTS `invoices_formupload`;
/*!40101 SET @saved_cs_client     = @@character_set_client */;
/*!50503 SET character_set_client = utf8mb4 */;
CREATE TABLE `invoices_formupload` (
  `id` bigint NOT NULL AUTO_INCREMENT,
  `form_file` varchar(100) NOT NULL,
  `upload_date` datetime(6) NOT NULL,
  `registration_id` bigint NOT NULL,
  PRIMARY KEY (`id`),
  UNIQUE KEY `registration_id` (`registration_id`),
  CONSTRAINT `invoices_formupload_registration_id_c8085272_fk_invoices_` FOREIGN KEY (`registration_id`) REFERENCES `invoices_registration` (`id`)
) ENGINE=InnoDB DEFAULT CHARSET=utf8mb3;
/*!40101 SET character_set_client = @saved_cs_client */;

--
-- Dumping data for table `invoices_formupload`
--

LOCK TABLES `invoices_formupload` WRITE;
/*!40000 ALTER TABLE `invoices_formupload` DISABLE KEYS */;
/*!40000 ALTER TABLE `invoices_formupload` ENABLE KEYS */;
UNLOCK TABLES;

--
-- Table structure for table `invoices_invoice`
--

DROP TABLE IF EXISTS `invoices_invoice`;
/*!40101 SET @saved_cs_client     = @@character_set_client */;
/*!50503 SET character_set_client = utf8mb4 */;
CREATE TABLE `invoices_invoice` (
  `id` bigint NOT NULL AUTO_INCREMENT,
  `invoice_number` varchar(50) NOT NULL,
  `date` date NOT NULL,
  `due_date` date NOT NULL,
  `total_amount` decimal(10,2) NOT NULL,
  `status` varchar(20) NOT NULL,
  `client_id` bigint NOT NULL,
  `user_id` int NOT NULL,
  `discount` decimal(5,2) NOT NULL,
  `course_id` bigint DEFAULT NULL,
  `number_of_person` int NOT NULL,
  `amount_paid` decimal(10,2) NOT NULL,
  `payment` varchar(20) NOT NULL,
  `registration_id` bigint DEFAULT NULL,
  `class_type` varchar(10) NOT NULL,
  PRIMARY KEY (`id`),
  UNIQUE KEY `invoice_number` (`invoice_number`),
  KEY `invoices_invoice_client_id_b83ca539_fk_invoices_client_id` (`client_id`),
  KEY `invoices_invoice_user_id_05b439b4_fk_auth_user_id` (`user_id`),
  KEY `invoices_invoice_course_id_a5fcbf2e_fk_invoices_course_id` (`course_id`),
  KEY `invoices_invoice_registration_id_61e04cc7_fk_invoices_` (`registration_id`),
  CONSTRAINT `invoices_invoice_client_id_b83ca539_fk_invoices_client_id` FOREIGN KEY (`client_id`) REFERENCES `invoices_client` (`id`),
  CONSTRAINT `invoices_invoice_course_id_a5fcbf2e_fk_invoices_course_id` FOREIGN KEY (`course_id`) REFERENCES `invoices_course` (`id`),
  CONSTRAINT `invoices_invoice_registration_id_61e04cc7_fk_invoices_` FOREIGN KEY (`registration_id`) REFERENCES `invoices_registration` (`id`),
  CONSTRAINT `invoices_invoice_user_id_05b439b4_fk_auth_user_id` FOREIGN KEY (`user_id`) REFERENCES `auth_user` (`id`)
) ENGINE=InnoDB AUTO_INCREMENT=343 DEFAULT CHARSET=utf8mb3;
/*!40101 SET character_set_client = @saved_cs_client */;

--
-- Dumping data for table `invoices_invoice`
--

LOCK TABLES `invoices_invoice` WRITE;
/*!40000 ALTER TABLE `invoices_invoice` DISABLE KEYS */;
INSERT INTO `invoices_invoice` VALUES (90,'24/08/001','2024-08-12','2024-08-13',1443.75,'Term Payment',111,4,45.00,NULL,1,100.00,'Cash',19,''),(92,'24/08/002','2024-08-12','2024-08-13',2795.63,'Term Payment',113,2,29.00,NULL,1,95.00,'Cash',25,''),(93,'24/08/003','2024-07-10','2024-08-14',2799.30,'Term Payment',115,3,38.00,NULL,1,666.00,'Card',26,''),(94,'24/08/004','2024-08-14','2024-09-14',2799.30,'Term Payment',115,3,38.00,NULL,1,857.00,'Card',26,''),(95,'24/08/005','2024-08-15','2024-08-19',1443.75,'Term Payment',111,4,45.00,NULL,1,476.00,'Cash',19,''),(96,'24/08/006','2024-08-17','2024-08-17',1575.13,'Full Payment',121,3,45.45,NULL,1,1500.00,'Card',27,'offline'),(97,'24/08/007','2024-08-18','2024-09-10',2000.00,'Term Payment',123,3,13.42,NULL,1,95.23,'Account Transfer',28,'online'),(98,'24/08/008','2024-07-01','2024-08-15',3802.57,'Term Payment',127,2,25.33,NULL,1,761.90,'Card',29,'offline'),(99,'24/08/009','2024-08-19','2024-08-30',3802.06,'Term Payment',127,2,25.34,NULL,1,1000.00,'Card',29,'offline'),(101,'24/08/010','2024-06-27','2024-07-17',1470.00,'Term Payment',129,2,20.00,NULL,1,47.61,'Cash',30,'offline'),(102,'24/08/011','2024-07-17','2024-08-17',1470.00,'Term Payment',129,2,20.00,NULL,1,333.33,'Cash',30,'offline'),(103,'24/08/012','2024-08-21','2024-08-21',1470.00,'Term Payment',129,2,20.00,NULL,1,1018.98,'Cash',30,'offline'),(104,'24/08/013','2024-08-21','2024-09-10',1181.25,'Term Payment',131,3,55.00,NULL,1,500.00,'Card',31,'offline'),(105,'24/08/014','2024-08-22','2024-08-22',1837.50,'Full Payment',133,3,0.00,NULL,1,1750.00,'Card',33,'offline'),(113,'24/09/001','2024-09-10','2024-09-12',1512.00,'Full Payment',141,2,10.00,NULL,1,100.00,'Cash',45,'offline'),(114,'24/09/002','2024-09-11','2024-09-30',1470.00,'Term Payment',143,3,20.00,NULL,1,396.19,'Card',47,'offline'),(115,'24/09/003','2024-09-08','2024-09-11',1470.00,'Term Payment',143,3,20.00,NULL,1,47.61,'Cash',47,'offline'),(116,'24/09/004','2024-09-11','2024-09-25',1470.00,'Term Payment',145,3,20.00,NULL,1,714.28,'Card',48,'offline'),(117,'24/09/005','2024-09-22','2024-10-20',1470.00,'Term Payment',147,3,20.00,NULL,1,952.38,'Card',84,'offline'),(118,'24/09/006','2024-09-21','2024-10-22',1470.00,'Term Payment',149,3,20.00,NULL,1,95.23,'Cash',85,'offline'),(119,'24/09/007','2024-09-22','2024-10-30',1653.75,'Term Payment',151,3,10.00,NULL,1,523.80,'Card',86,'offline'),(120,'24/09/008','2024-09-22','2024-10-30',1653.75,'Term Payment',153,3,10.00,NULL,1,523.80,'Card',87,'offline'),(121,'24/09/009','2024-08-09','2024-09-09',1554.00,'Term Payment',155,3,20.00,NULL,1,776.19,'Card',88,'offline'),(122,'24/09/010','2024-08-10','2024-10-21',2520.00,'Term Payment',157,3,20.00,NULL,1,95.23,'Cash',89,'offline'),(123,'24/09/011','2024-08-12','2024-10-20',3150.00,'Term Payment',159,3,20.00,NULL,1,1333.30,'Account Transfer',90,'offline'),(124,'24/09/012','2024-08-25','2024-08-25',1470.00,'Term Payment',161,3,20.00,NULL,1,1380.00,'Card',92,'offline'),(125,'24/09/013','2024-08-27','2024-10-15',1260.00,'Term Payment',163,3,20.00,NULL,1,576.19,'Payment Link',93,'offline'),(126,'24/09/014','2024-09-01','2024-09-01',1470.00,'Term Payment',165,3,20.00,NULL,1,1333.33,'Card',94,'offline'),(127,'24/09/015','2024-09-01','2024-10-01',1092.00,'Term Payment',167,3,20.00,NULL,1,500.00,'Card',95,'offline'),(128,'24/09/016','2024-09-02','2024-09-02',1176.00,'Full Payment',169,3,20.00,NULL,1,1095.23,'Card',96,'offline'),(129,'24/09/017','2024-09-22','2024-09-04',1146.60,'Full Payment',171,3,16.00,NULL,1,1071.42,'Card',98,'offline'),(130,'24/09/018','2024-09-23','2024-09-23',1201.20,'Full Payment',173,3,12.00,NULL,1,1142.85,'Payment Link',99,'offline'),(131,'24/09/019','2024-09-29','2024-10-14',3150.00,'Term Payment',175,3,20.00,NULL,1,952.38,'Card',101,'offline'),(132,'24/09/020','2024-09-29','2024-10-30',1344.00,'Term Payment',177,3,20.00,NULL,1,95.23,'Card',102,'offline'),(133,'24/09/021','2024-09-30','2024-10-30',2520.00,'Tabby',215,2,20.00,NULL,1,428.57,'Payment Link',103,'offline'),(134,'24/10/001','2024-08-30','2024-09-01',2520.00,'Term Payment',181,3,20.00,NULL,1,1095.23,'Payment Link',6,'offline'),(135,'24/10/002','2024-07-29','2024-08-30',2520.00,'Term Payment',181,3,20.00,NULL,1,1304.76,'Card',6,'offline'),(136,'24/10/003','2024-10-05','2024-11-06',1344.00,'Term Payment',177,3,20.00,NULL,1,514.28,'Card',102,'offline'),(137,'24/10/004','2024-10-06','2024-10-21',1344.00,'Term Payment',183,3,20.00,NULL,1,380.95,'Card',104,'offline'),(138,'24/10/005','2024-10-08','2024-10-08',1680.00,'Full Payment',185,3,20.00,NULL,1,1333.33,'Card',106,'offline'),(139,'24/10/006','2024-10-09','2024-10-09',2520.00,'Tabby',187,3,20.00,NULL,1,2142.85,'Payment Link',107,'offline'),(140,'24/10/007','2024-10-11','2024-11-10',2940.00,'Term Payment',317,2,20.00,NULL,1,952.38,'Card',108,'offline'),(142,'24/10/008','2024-10-15','2024-10-15',2199.75,'Full Payment',191,2,0.00,NULL,1,2095.23,'Account Transfer',110,'offline'),(143,'24/10/009','2024-10-16','2024-10-16',2646.00,'Full Payment',193,2,10.00,NULL,1,2400.00,'Account Transfer',111,'offline'),(144,'24/10/010','2024-10-18','2024-10-21',1260.00,'Term Payment',195,2,20.00,NULL,1,95.23,'Card',112,'offline'),(145,'24/10/011','2024-10-20','2024-10-20',1470.00,'Full Payment',197,2,20.00,NULL,1,1238.09,'Card',113,'offline'),(146,'24/10/012','2024-10-21','2024-10-20',1275.75,'Full Payment',199,2,19.00,NULL,1,1219.04,'Account Transfer',114,'offline'),(147,'24/10/013','2024-10-21','2024-10-20',1275.75,'Full Payment',199,2,19.00,NULL,1,1219.04,'Account Transfer',114,'offline'),(148,'24/10/014','2024-10-21','2024-11-15',1260.00,'Term Payment',201,2,20.00,NULL,1,285.71,'Cash',115,'offline'),(149,'24/10/015','2024-10-22','2024-10-22',1260.00,'Full Payment',203,4,20.00,NULL,1,1200.00,'Card',117,'offline'),(151,'24/10/016','2024-10-24','2024-07-06',1837.50,'Tabby',207,2,0.00,NULL,1,1750.00,'Payment Link',120,'offline'),(152,'24/10/017','2024-07-05','2024-07-24',1181.25,'Term Payment',211,2,25.00,NULL,1,1200.00,'Account Transfer',17,'offline'),(153,'24/10/018','2024-10-22','2024-11-05',1470.00,'Term Payment',217,2,20.00,NULL,1,934.28,'Card',122,'offline'),(155,'24/10/019','2024-10-27','2024-11-27',2728.09,'Term Payment',219,2,0.07,NULL,1,824.76,'Card',124,'offline'),(157,'24/10/020','2024-10-29','2024-10-29',2688.00,'Tamara',221,2,20.00,NULL,1,2500.00,'Payment Link',125,'offline'),(158,'24/10/021','2024-10-26','2024-10-26',1344.00,'Full Payment',223,2,20.00,NULL,1,1100.00,'Cash',126,'offline'),(159,'24/10/022','2024-10-29','2024-11-12',1260.00,'Term Payment',225,2,20.00,NULL,1,476.19,'Card',127,'offline'),(160,'24/10/023','2024-10-29','2024-10-28',1260.00,'Full Payment',227,2,20.00,NULL,1,952.38,'Cash',128,'offline'),(161,'24/11/001','2024-10-31','2024-12-01',1260.00,'Term Payment',229,2,20.00,NULL,1,95.23,'Cash',130,'offline'),(162,'24/11/002','2024-10-31','2024-12-09',4452.00,'Term Payment',231,2,20.00,NULL,1,1238.09,'Card',131,'offline'),(163,'24/11/003','2024-11-03','2024-11-03',2100.00,'Tabby',233,2,20.00,NULL,1,2000.00,'Payment Link',132,'offline'),(164,'24/11/004','2024-11-05','2024-11-05',1680.00,'Tabby',235,2,20.00,NULL,1,1400.00,'Payment Link',133,'offline'),(165,'24/11/005','2024-11-05','2024-11-05',1260.00,'Full Payment',237,2,20.00,NULL,1,1000.00,'Account Transfer',135,'offline'),(166,'24/11/006','2024-09-08','2024-10-14',1386.00,'Term Payment',239,2,12.00,NULL,1,1214.00,'Card',15,'offline'),(167,'24/11/007','2024-11-05','2024-11-05',1386.00,'Term Payment',239,2,12.00,NULL,1,285.71,'Cash',15,'offline'),(171,'24/11/008','2024-11-13','2024-11-13',7991.55,'Full Payment',241,2,41.00,NULL,10,7250.00,'Account Transfer',134,'offline'),(172,'24/11/009','2024-11-14','2025-05-30',9450.00,'Term Payment',243,4,10.00,NULL,1,3000.00,'Payment Link',139,'offline'),(173,'24/11/010','2024-11-08','2024-12-16',1575.00,'Term Payment',245,2,0.00,NULL,1,952.38,'Cash',140,'offline'),(174,'24/11/011','2024-11-15','2024-12-15',1260.00,'Term Payment',247,2,20.00,NULL,1,95.23,'Card',141,'offline'),(175,'24/11/012','2024-11-16','2024-11-15',1837.50,'Full Payment',249,2,0.00,NULL,1,2000.00,'Account Transfer',142,'offline'),(176,'24/11/013','2024-11-16','2024-11-16',1008.00,'Full Payment',251,4,20.00,NULL,1,960.00,'Payment Link',144,'offline'),(178,'24/11/014','2024-10-08','2024-10-08',1680.00,'Full Payment',255,3,20.00,NULL,1,1400.00,'Card',105,'offline'),(179,'24/11/015','2024-11-20','2024-12-20',1260.00,'Term Payment',257,3,20.00,NULL,1,685.71,'Account Transfer',145,'offline'),(180,'24/11/016','2024-11-22','2024-12-22',1134.00,'Tabby',259,2,20.00,NULL,1,952.38,'Payment Link',146,'online'),(181,'24/11/017','2024-11-23','2024-11-23',840.00,'Full Payment',378,2,20.00,NULL,1,571.42,'Card',147,'offline'),(182,'24/11/018','2024-11-23','2024-11-24',1470.00,'Term Payment',263,3,20.00,NULL,1,95.23,'Cash',150,'offline'),(183,'24/11/019','2024-11-16','2024-11-16',1470.00,'Full Payment',374,2,20.00,NULL,1,1285.71,'Card',152,'offline'),(184,'24/11/020','2024-11-20','2024-12-10',1050.00,'Term Payment',267,3,20.00,NULL,1,95.23,'Card',155,'offline'),(185,'24/11/021','2024-11-23','2024-11-27',1050.00,'Term Payment',269,3,20.00,NULL,1,95.23,'Card',156,'offline'),(186,'24/11/022','2024-11-24','2024-11-24',1134.00,'Full Payment',271,2,20.00,NULL,1,952.38,'Card',157,'offline'),(187,'24/11/023','2024-11-18','2024-11-17',2940.00,'Full Payment',273,2,20.00,NULL,1,2500.00,'Cheque',158,'offline'),(188,'24/11/024','2024-11-18','2024-11-17',2940.00,'Full Payment',275,2,20.00,NULL,1,2500.00,'Cheque',159,'offline'),(189,'24/11/025','2024-11-30','2024-11-30',1050.00,'Full Payment',277,4,20.00,NULL,1,1200.00,'Card',163,'offline'),(190,'24/12/001','2024-12-01','2024-12-08',1218.00,'Term Payment',299,4,20.00,NULL,1,285.71,'Card',164,'offline'),(191,'24/12/002','2024-12-01','2025-01-01',2940.00,'Term Payment',281,3,20.00,NULL,1,95.23,'Card',165,'offline'),(192,'24/12/003','2024-12-01','2025-01-01',1218.00,'Term Payment',283,3,20.00,NULL,1,95.23,'Account Transfer',166,'offline'),(193,'24/12/004','2024-12-25','2024-12-25',1260.00,'Term Payment',380,2,20.00,NULL,1,771.42,'Card',167,'offline'),(194,'24/12/005','2024-12-07','2024-12-07',1312.50,'Tabby',384,2,0.00,NULL,1,1238.09,'Payment Link',168,'offline'),(195,'24/12/006','2024-12-08','2024-12-15',2100.00,'Term Payment',289,3,20.00,NULL,1,95.23,'Payment Link',169,'offline'),(196,'24/12/007','2024-11-09','2024-12-09',1554.00,'Term Payment',155,3,20.00,NULL,1,571.42,'Card',88,'offline'),(197,'24/12/008','2024-11-14','2024-11-14',1260.00,'Term Payment',163,3,20.00,NULL,1,380.95,'Account Transfer',93,'offline'),(198,'24/12/009','2024-11-27','2024-11-27',1260.00,'Full Payment',372,2,20.00,NULL,1,857.14,'Card',156,'offline'),(199,'24/12/010','2024-11-10','2025-01-10',1512.00,'Term Payment',465,2,10.00,NULL,1,476.19,'Card',86,'offline'),(200,'24/12/011','2024-11-10','2025-01-11',1653.75,'Term Payment',153,3,10.00,NULL,1,500.00,'Card',87,'offline'),(201,'24/12/012','2024-11-17','2024-11-17',2499.00,'Tabby',253,2,15.00,NULL,1,2476.19,'Payment Link',143,'offline'),(202,'24/12/013','2024-11-17','2025-01-17',2940.00,'Term Payment',317,2,20.00,NULL,1,952.38,'Card',108,'offline'),(203,'24/12/014','2024-11-26','2024-12-26',1218.00,'Term Payment',293,3,20.00,NULL,1,250.00,'Card',127,'offline'),(204,'24/12/015','2024-11-26','2024-12-26',1218.00,'Term Payment',295,3,20.00,NULL,1,200.00,'Cash',115,'offline'),(205,'24/12/016','2024-12-06','2024-12-06',1260.00,'Full Payment',392,2,20.00,NULL,1,1095.23,'Card',170,'offline'),(206,'24/12/017','2024-12-08','2025-01-08',2100.00,'Term Payment',289,3,20.00,NULL,1,476.19,'Payment Link',169,'offline'),(207,'24/12/018','2024-10-10','2024-11-10',1470.00,'Term Payment',143,3,20.00,NULL,1,412.38,'Card',47,'offline'),(208,'24/12/019','2024-12-08','2024-12-08',1218.00,'Full Payment',299,4,20.00,NULL,1,800.00,'Card',164,'offline'),(209,'24/12/020','2024-12-03','2025-01-03',1470.00,'Tabby',390,2,20.00,NULL,1,1238.09,'Payment Link',179,'offline'),(210,'24/12/021','2024-12-08','2024-12-14',2100.00,'Term Payment',303,3,0.00,NULL,1,95.23,'Card',180,'offline'),(211,'24/12/022','2024-10-05','2024-10-30',3150.00,'Term Payment',175,3,20.00,NULL,1,714.28,'Card',101,'offline'),(212,'24/12/023','2024-12-15','2024-12-14',1204.88,'Full Payment',305,2,15.00,NULL,1,1142.85,'Card',189,'offline'),(213,'24/12/024','2024-12-16','2024-12-17',0.00,'Term Payment',307,3,20.00,NULL,0,95.22,'Payment Link',197,'offline'),(214,'24/12/025','2024-12-17','2024-12-17',1470.00,'Term Payment',309,2,20.00,NULL,1,1000.00,'Card',198,'offline'),(215,'24/12/026','2024-12-14','2025-01-14',3150.00,'Term Payment',311,2,20.00,NULL,1,190.47,'Cash',101,'offline'),(216,'24/12/027','2024-10-05','2024-11-05',1414.88,'Term Payment',313,2,23.00,NULL,1,952.38,'Card',10,'offline'),(217,'24/12/028','2024-10-05','2024-10-05',1260.00,'Term Payment',315,2,20.00,NULL,1,95.23,'Cash',178,'offline'),(218,'24/12/029','2024-09-14','2024-10-05',1260.00,'Term Payment',315,2,20.00,NULL,1,380.95,'Card',178,'offline'),(219,'24/12/030','2024-08-06','2024-09-14',1260.00,'Term Payment',315,2,20.00,NULL,1,571.42,'Account Transfer',178,'offline'),(220,'24/12/031','2024-12-24','2024-12-25',1134.00,'Term Payment',319,3,20.00,NULL,1,95.23,'Payment Link',200,'offline'),(221,'24/12/032','2024-12-24','2025-01-24',2100.00,'Term Payment',321,3,20.00,NULL,1,476.19,'Card',202,'offline'),(222,'24/12/033','2024-12-22','2024-12-22',2520.00,'Term Payment',323,3,20.00,NULL,1,476.19,'Card',203,'offline'),(223,'24/12/034','2024-12-28','2025-01-28',1260.00,'Term Payment',325,3,20.00,NULL,1,95.23,'Card',204,'online'),(224,'24/12/035','2024-12-30','2024-12-30',1260.00,'Tabby',327,2,20.00,NULL,1,1142.85,'Payment Link',206,'offline'),(225,'25/01/001','2025-12-07','2025-01-07',1344.00,'Term Payment',183,3,20.00,NULL,1,285.71,'Account Transfer',104,'offline'),(226,'25/01/002','2025-01-06','2025-02-06',2940.00,'Term Payment',329,3,0.00,NULL,1,476.19,'Cash',209,'offline'),(227,'25/01/003','2024-12-29','2024-12-29',1470.00,'Term Payment',345,2,20.00,NULL,1,1300.00,'Payment Link',210,'offline'),(228,'25/01/004','2025-01-07','2025-01-11',2100.00,'Term Payment',333,3,20.00,NULL,1,95.23,'Payment Link',211,'offline'),(229,'25/01/005','2025-01-12','2025-02-12',2976.75,'Term Payment',335,2,10.00,NULL,1,952.38,'Card',219,'offline'),(230,'25/01/006','2025-01-13','2025-01-13',4620.00,'Full Payment',337,2,0.00,NULL,1,4400.00,'Account Transfer',221,'offline'),(231,'25/01/007','2025-01-20','2025-01-20',1575.00,'Full Payment',339,2,0.00,NULL,1,1428.00,'Payment Link',225,'offline'),(232,'25/01/008','2025-01-18','2025-01-23',1260.00,'Term Payment',341,2,20.00,NULL,1,285.71,'Account Transfer',226,'offline'),(233,'25/01/009','2025-01-17','2025-01-17',840.00,'Full Payment',343,2,20.00,NULL,1,571.42,'Card',227,'offline'),(234,'25/01/010','2025-01-04','2025-02-04',1260.00,'Term Payment',347,2,20.00,NULL,1,285.71,'Account Transfer',204,'online'),(235,'25/01/011','2025-01-04','2025-02-04',1470.00,'Term Payment',349,2,20.00,NULL,1,700.00,'Card',207,'offline'),(236,'25/01/012','2025-01-06','2025-01-06',1417.50,'Full Payment',351,2,0.00,NULL,1,1238.09,'Card',212,'offline'),(237,'25/01/013','2025-01-09','2025-01-09',1134.00,'Full Payment',353,2,20.00,NULL,1,1047.61,'Card',215,'offline'),(238,'25/01/014','2025-01-09','2025-01-09',1134.00,'Full Payment',355,2,20.00,NULL,1,1047.61,'Account Transfer',213,'offline'),(239,'25/01/015','2025-01-10','2025-01-10',1134.00,'Term Payment',357,2,20.00,NULL,1,952.38,'Cash',216,'offline'),(240,'25/01/016','2025-01-12','2025-01-12',1260.00,'Full Payment',359,2,20.00,NULL,1,857.14,'Account Transfer',166,'offline'),(241,'25/01/017','2025-01-12','2025-02-12',1260.00,'Term Payment',361,2,20.00,NULL,1,47.61,'Card',218,'offline'),(242,'25/01/018','2025-01-12','2025-02-12',2499.00,'Term Payment',363,2,15.00,NULL,1,761.90,'Card',220,'offline'),(243,'25/01/019','2025-01-19','2025-05-01',1260.00,'Term Payment',365,2,20.00,NULL,1,95.23,'Card',228,'offline'),(244,'25/01/020','2025-01-21','2025-01-25',2352.00,'Term Payment',367,2,20.00,NULL,1,95.23,'Card',229,'offline'),(245,'25/01/021','2025-01-22','2025-01-22',1417.50,'Full Payment',369,2,0.00,NULL,1,1428.57,'Card',230,'offline'),(246,'25/01/022','2024-01-04','2024-11-04',2625.00,'Full Payment',371,2,0.00,NULL,1,1785.71,'Card',222,'offline'),(247,'25/01/023','2024-11-16','2024-12-16',2100.00,'Tabby',376,2,20.00,NULL,1,2300.00,'Payment Link',153,'offline'),(248,'25/01/024','2024-11-26','2024-12-26',1470.00,'Term Payment',382,2,20.00,NULL,1,476.19,'Card',150,'offline'),(249,'25/01/025','2024-11-15','2024-11-15',1134.00,'Full Payment',386,2,20.00,NULL,1,1047.61,'Account Transfer',138,'online'),(250,'25/01/026','2024-11-05','2024-11-05',1617.00,'Full Payment',388,2,12.00,NULL,1,1400.00,'Cash',137,'offline'),(251,'25/01/027','2024-12-06','2024-12-06',1260.00,'Term Payment',392,2,20.00,NULL,1,142.85,'Card',170,'offline'),(252,'25/01/028','2024-12-17','2025-01-17',1837.50,'Term Payment',394,2,0.00,NULL,1,952.38,'Card',180,'offline'),(253,'25/01/029','2024-12-08','2024-12-17',1837.50,'Term Payment',396,2,0.00,NULL,1,95.23,'Card',181,'offline'),(254,'25/01/030','2024-12-17','2025-01-17',1837.50,'Term Payment',396,2,0.00,NULL,1,952.38,'Card',181,'offline'),(255,'25/01/031','2024-12-16','2024-12-16',1260.00,'Tabby',398,2,20.00,NULL,1,857.14,'Payment Link',197,'offline'),(256,'25/01/032','2024-01-11','2025-01-01',2646.00,'Term Payment',400,2,20.00,NULL,1,571.42,'Card',165,'offline'),(257,'25/01/033','2025-01-22','2025-01-22',798.00,'Tamara',402,2,20.00,NULL,1,619.04,'Payment Link',231,'offline'),(258,'25/01/034','2024-09-15','2024-10-15',2100.00,'Term Payment',404,2,20.00,NULL,1,476.19,'Account Transfer',187,'offline'),(259,'25/01/035','2025-01-29','2025-02-28',2100.00,'Term Payment',404,2,20.00,NULL,1,476.19,'Account Transfer',187,'offline'),(260,'25/01/036','2025-01-30','2025-01-30',1470.00,'Full Payment',406,2,20.00,NULL,1,1142.85,'Card',235,'offline'),(261,'25/02/001','2025-01-28','2025-01-28',1291.50,'Full Payment',408,2,18.00,NULL,1,1291.00,'Card',237,'offline'),(262,'25/02/002','2025-02-03','2025-02-03',1050.00,'Tabby',410,2,20.00,NULL,1,952.38,'Payment Link',239,'online'),(263,'25/02/003','2025-02-05','2025-03-07',1759.80,'Term Payment',412,2,20.00,NULL,1,95.23,'Payment Link',240,'offline'),(264,'25/02/004','2025-02-05','2025-02-15',1260.00,'Term Payment',414,2,20.00,NULL,1,95.23,'Cash',241,'offline'),(265,'25/02/005','2025-02-08','2025-03-08',2352.00,'Term Payment',416,2,20.00,NULL,1,95.23,'Payment Link',242,'offline'),(266,'25/02/006','2025-02-08','2025-03-08',1470.00,'Term Payment',418,2,20.00,NULL,1,291.42,'Card',243,'offline'),(268,'25/02/007','2025-02-14','2025-03-14',1050.00,'Term Payment',423,2,20.00,NULL,1,476.19,'Card',244,'offline'),(269,'25/02/008','2025-02-11','2025-02-11',1050.00,'Tabby',425,2,20.00,NULL,1,1000.00,'Payment Link',245,'offline'),(270,'25/02/009','2025-02-16','2025-02-16',1050.00,'Tabby',427,2,20.00,NULL,1,1000.00,'Payment Link',247,'offline'),(271,'25/02/010','2025-02-16','2025-03-01',2520.00,'Term Payment',429,2,20.00,NULL,1,95.23,'Cash',248,'offline'),(272,'25/02/011','2025-02-19','2025-03-01',1470.00,'Term Payment',431,2,20.00,NULL,1,238.09,'Payment Link',249,'offline'),(273,'25/02/012','2025-02-20','2025-03-03',1470.00,'Term Payment',433,2,20.00,NULL,1,619.04,'Payment Link',250,'offline'),(274,'25/02/013','2025-02-18','2025-03-18',3150.00,'Term Payment',435,2,0.00,NULL,1,952.38,'Card',252,'offline'),(275,'25/02/014','2025-02-22','2025-03-22',1974.00,'Term Payment',437,2,20.00,NULL,1,619.04,'Card',253,'offline'),(276,'25/02/015','2025-02-23','2025-02-23',2520.00,'Tabby',439,2,20.00,NULL,1,1428.57,'Payment Link',254,'offline'),(280,'25/02/016','2025-02-27','2025-02-27',1344.00,'Tabby',441,2,20.00,NULL,1,1285.71,'Payment Link',256,'online'),(281,'25/02/017','2025-03-27','2025-03-27',1470.00,'Term Payment',443,2,20.00,NULL,1,642.85,'Card',259,'offline'),(282,'25/03/001','2025-03-04','2025-03-08',2814.00,'Term Payment',453,2,20.00,NULL,1,95.23,'Cash',266,'offline'),(283,'25/03/002','2025-03-08','2025-04-08',2646.00,'Term Payment',400,2,20.00,NULL,1,1238.09,'Cash',165,'offline'),(284,'25/03/003','2025-03-06','2025-04-06',3307.50,'Term Payment',447,2,0.00,NULL,1,2380.95,'Card',267,'offline'),(285,'25/03/004','2025-03-10','2025-04-10',2814.00,'Term Payment',449,2,20.00,NULL,1,95.23,'Card',268,'offline'),(286,'25/03/005','2025-03-09','2025-03-09',1050.00,'Tamara',451,2,20.00,NULL,1,857.14,'Payment Link',270,'offline'),(287,'25/03/006','2025-03-10','2025-04-10',2814.00,'Term Payment',453,2,20.00,NULL,1,952.38,'Card',266,'offline'),(288,'25/03/007','2025-03-01','2025-03-01',2520.00,'Tabby',429,2,20.00,NULL,1,1761.90,'Payment Link',248,'offline'),(289,'25/03/008','2025-03-04','2025-03-11',1050.00,'Term Payment',455,2,20.00,NULL,1,95.23,'Card',271,'offline'),(290,'25/03/009','2025-03-10','2025-04-10',1050.00,'Term Payment',457,2,20.00,NULL,1,95.23,'Account Transfer',272,'offline'),(291,'25/03/010','2025-03-13','2025-03-13',1470.00,'Tabby',459,3,0.00,NULL,1,1417.14,'Payment Link',274,'offline'),(292,'25/03/011','2025-03-20','2025-03-20',1099.88,'Full Payment',461,2,16.20,NULL,1,1047.61,'Payment Link',277,'offline'),(293,'25/03/012','2025-03-28','2025-04-02',1050.00,'Term Payment',463,2,20.00,NULL,1,95.23,'Payment Link',280,'offline'),(294,'25/04/001','2025-04-03','2025-04-03',1344.00,'Term Payment',433,2,20.00,NULL,1,619.04,'Card',250,'offline'),(295,'25/04/002','2025-04-04','2025-05-04',1974.00,'Term Payment',437,2,20.00,NULL,1,619.04,'Payment Link',253,'offline'),(296,'25/04/003','2025-03-01','2025-03-01',1344.00,'Full Payment',467,2,20.00,NULL,1,1166.66,'Account Transfer',260,'online'),(297,'25/04/004','2025-03-03','2025-03-03',1050.00,'Term Payment',469,2,20.00,NULL,1,714.28,'Card',262,'offline'),(298,'25/04/005','2025-03-06','2025-04-06',3780.00,'Term Payment',470,2,20.00,NULL,1,2380.95,'Card',288,'offline'),(299,'25/04/006','2025-03-18','2025-04-18',1050.00,'Term Payment',457,2,20.00,NULL,1,285.71,'Payment Link',272,'offline'),(300,'25/04/007','2025-03-13','2025-03-13',1470.00,'Full Payment',472,2,0.00,NULL,1,1417.14,'Payment Link',289,'offline'),(301,'25/04/008','2025-03-15','2025-03-22',1974.00,'Term Payment',474,2,20.00,NULL,1,95.23,'Account Transfer',275,'offline'),(302,'25/04/009','2025-03-22','2025-03-22',1974.00,'Tabby',474,2,20.00,NULL,1,2142.85,'Payment Link',275,'offline'),(303,'25/04/010','2025-03-16','2025-04-16',1974.00,'Term Payment',476,2,20.00,NULL,1,857.14,'Card',290,'offline'),(304,'25/04/011','2025-03-17','2025-04-17',1344.00,'Term Payment',478,2,20.00,NULL,1,666.66,'Card',291,'offline'),(305,'25/04/012','2025-03-18','2025-04-18',2520.00,'Term Payment',480,2,20.00,NULL,1,634.28,'Card',292,'offline'),(306,'25/04/013','2025-03-21','2025-04-21',4620.00,'Term Payment',482,2,20.00,NULL,1,1500.00,'Card',293,'offline'),(307,'25/04/014','2025-03-23','2025-03-23',1680.00,'Tabby',484,2,20.00,NULL,1,1523.80,'Payment Link',294,'offline'),(308,'25/04/015','2025-03-25','2025-04-02',1974.00,'Tabby',486,2,20.00,NULL,1,95.23,'Payment Link',295,'offline'),(309,'25/04/016','2025-03-26','2025-03-26',2294.78,'Full Payment',488,2,7.00,NULL,1,2190.47,'Card',281,'offline'),(310,'25/04/017','2025-04-02','2025-04-02',1050.00,'Full Payment',463,2,20.00,NULL,1,857.14,'Card',280,'offline'),(311,'25/04/018','2025-03-28','2025-04-28',1470.00,'Term Payment',490,2,20.00,NULL,1,476.19,'Card',296,'offline'),(312,'25/04/019','2025-03-29','2025-04-29',1974.00,'Term Payment',492,2,20.00,NULL,1,95.23,'Cash',283,'offline'),(313,'25/04/020','2025-03-30','2025-04-30',1050.00,'Term Payment',494,2,20.00,NULL,1,476.19,'Cash',287,'offline'),(314,'25/04/021','2025-04-02','2025-04-02',1974.00,'Tabby',486,2,20.00,NULL,1,1428.57,'Payment Link',295,'offline'),(315,'25/04/022','2025-04-04','2025-04-05',1800.75,'Term Payment',496,2,2.00,NULL,1,95.23,'Cash',297,'offline'),(316,'25/04/023','2025-04-05','2025-04-05',1800.75,'Tabby',496,2,2.00,NULL,1,1619.04,'Payment Link',297,'offline'),(317,'25/04/024','2025-04-02','2025-05-02',0.95,'Term Payment',498,47,10.00,NULL,1,95.23,'Cash',284,'online'),(318,'25/04/025','2025-04-06','2025-05-06',1050.00,'Term Payment',500,47,20.00,NULL,1,475.00,'Card',286,'offline'),(319,'25/04/026','2025-04-07','2025-04-15',1680.00,'Term Payment',502,2,20.00,NULL,1,95.23,'Payment Link',298,'offline'),(320,'25/04/027','2025-04-07','2025-05-14',1050.00,'Term Payment',504,2,20.00,NULL,1,95.23,'Cash',299,'offline'),(321,'25/04/028','2025-04-07','2025-05-07',1470.00,'Term Payment',418,2,20.00,NULL,1,291.42,'Payment Link',243,'offline'),(322,'25/04/029','2025-04-07','2025-05-07',3780.00,'Tamara',506,2,20.00,NULL,1,1333.33,'Payment Link',282,'offline'),(323,'25/04/030','2024-12-07','2025-04-07',1260.00,'Term Payment',195,2,20.00,NULL,1,476.19,'Card',112,'offline'),(324,'25/04/031','2025-04-07','2025-04-07',1260.00,'Term Payment',195,2,20.00,NULL,1,476.19,'Card',112,'offline'),(325,'25/04/032','2025-04-09','2025-04-30',1680.00,'Term Payment',508,2,20.00,NULL,1,714.28,'Card',300,'offline'),(326,'25/04/033','2025-04-08','2025-05-08',1050.00,'Term Payment',504,2,20.00,NULL,1,380.95,'Cash',299,'offline'),(327,'25/04/034','2025-04-11','2025-04-10',1680.00,'Full Payment',510,2,20.00,NULL,1,1428.57,'Payment Link',301,'offline'),(328,'25/04/035','2025-04-11','2025-04-10',1680.00,'Term Payment',512,2,20.00,NULL,1,1428.57,'Card',302,'offline'),(329,'25/04/036','2025-04-11','2025-04-10',1680.00,'Term Payment',514,2,20.00,NULL,1,1428.57,'Card',303,'offline'),(330,'25/04/037','2025-04-12','2025-04-18',2520.00,'Term Payment',516,2,20.00,NULL,1,95.23,'Card',305,'offline'),(331,'25/04/038','2025-04-12','2025-04-18',2520.00,'Term Payment',518,2,20.00,NULL,1,95.23,'Card',306,'offline'),(332,'25/04/039','2025-04-14','2025-04-14',1050.00,'Full Payment',520,2,20.00,NULL,1,666.66,'Card',307,'offline'),(333,'25/04/040','2025-04-16','2025-04-15',1050.00,'Term Payment',522,2,20.00,NULL,1,952.38,'Cash',308,'offline'),(334,'25/04/041','2025-04-18','2025-05-18',2520.00,'Term Payment',518,2,20.00,NULL,1,785.71,'Cash',306,'offline'),(335,'25/04/042','2025-04-18','2025-05-18',2520.00,'Term Payment',516,2,20.00,NULL,1,785.71,'Card',305,'offline'),(336,'25/04/043','2025-04-18','2025-05-03',1470.00,'Term Payment',524,47,20.00,NULL,1,95.23,'Card',311,'offline'),(337,'25/04/044','2025-04-07','2025-05-07',1050.00,'Term Payment',526,47,20.00,NULL,1,95.23,'Cash',312,'offline'),(338,'25/04/045','2025-04-20','2025-05-25',1470.00,'Full Payment',528,47,20.00,NULL,1,95.00,'Cash',313,'offline'),(339,'25/04/046','2025-04-20','2025-05-25',3307.50,'Full Payment',530,47,0.00,NULL,1,95.23,'Card',314,'offline'),(340,'25/04/047','2025-04-20','2025-05-20',1050.00,'Term Payment',532,47,20.00,NULL,1,428.57,'Cash',315,'offline'),(341,'25/04/048','2025-04-20','2025-05-25',1638.00,'Full Payment',534,47,20.00,NULL,1,95.23,'Card',316,'offline'),(342,'25/04/049','2025-04-21','2025-05-30',1260.00,'Full Payment',536,47,20.00,NULL,1,1140.00,'Card',317,'offline');
/*!40000 ALTER TABLE `invoices_invoice` ENABLE KEYS */;
UNLOCK TABLES;

--
-- Table structure for table `invoices_invoiceitem`
--

DROP TABLE IF EXISTS `invoices_invoiceitem`;
/*!40101 SET @saved_cs_client     = @@character_set_client */;
/*!50503 SET character_set_client = utf8mb4 */;
CREATE TABLE `invoices_invoiceitem` (
  `id` bigint NOT NULL AUTO_INCREMENT,
  `description` longtext NOT NULL,
  `quantity` int NOT NULL,
  `unit_price` decimal(10,2) NOT NULL,
  `invoice_id` bigint NOT NULL,
  `course_id` bigint DEFAULT NULL,
  `vat_rate` decimal(4,2) NOT NULL,
  PRIMARY KEY (`id`),
  KEY `invoices_invoiceitem_invoice_id_5ce05433_fk_invoices_invoice_id` (`invoice_id`),
  KEY `invoices_invoiceitem_course_id_140b3575_fk_invoices_course_id` (`course_id`),
  CONSTRAINT `invoices_invoiceitem_course_id_140b3575_fk_invoices_course_id` FOREIGN KEY (`course_id`) REFERENCES `invoices_course` (`id`),
  CONSTRAINT `invoices_invoiceitem_invoice_id_5ce05433_fk_invoices_invoice_id` FOREIGN KEY (`invoice_id`) REFERENCES `invoices_invoice` (`id`)
) ENGINE=InnoDB AUTO_INCREMENT=413 DEFAULT CHARSET=utf8mb3;
/*!40101 SET character_set_client = @saved_cs_client */;

--
-- Dumping data for table `invoices_invoiceitem`
--

LOCK TABLES `invoices_invoiceitem` WRITE;
/*!40000 ALTER TABLE `invoices_invoiceitem` DISABLE KEYS */;
INSERT INTO `invoices_invoiceitem` VALUES (56,'',1,2500.00,90,55,0.05),(59,'',1,2000.00,92,37,0.05),(60,'',1,1750.00,92,52,0.05),(62,'',1,4300.00,93,47,0.05),(63,'',1,4300.00,94,47,0.05),(66,'',1,2500.00,95,55,0.05),(72,'',1,2750.00,96,38,0.05),(75,'',1,2200.00,97,9,0.05),(84,'',1,3000.00,98,41,0.05),(85,'',1,1850.00,98,45,0.05),(86,'',1,3000.00,99,41,0.05),(87,'',1,1850.00,99,45,0.05),(89,'',1,1750.00,101,49,0.05),(91,'',1,1750.00,102,49,0.05),(94,'',1,1750.00,103,49,0.05),(96,'',1,1750.00,105,53,0.05),(102,'',1,2500.00,104,55,0.05),(107,'',1,1600.00,113,13,0.05),(110,'',1,1750.00,116,43,0.05),(111,'',1,1750.00,117,53,0.05),(112,'',1,1750.00,118,49,0.05),(113,'',1,1750.00,119,53,0.05),(114,'',1,1750.00,120,53,0.05),(115,'',1,1850.00,121,32,0.05),(116,'',1,3000.00,122,41,0.05),(117,'',1,2000.00,123,37,0.05),(118,'',1,1750.00,123,53,0.05),(119,'',1,1750.00,124,53,0.05),(120,'',1,1500.00,125,57,0.05),(121,'',1,1750.00,126,36,0.05),(122,'',1,1300.00,127,54,0.05),(123,'',1,1400.00,128,12,0.05),(124,'',1,1300.00,129,54,0.05),(125,'',1,1300.00,130,54,0.05),(126,'',1,1750.00,131,37,0.05),(127,'',1,2000.00,131,38,0.05),(128,'',1,1600.00,132,23,0.05),(135,'',1,1600.00,136,23,0.05),(137,'',1,1600.00,137,23,0.05),(138,'',1,2000.00,138,38,0.05),(140,'',1,3000.00,135,41,0.05),(141,'',1,3000.00,134,41,0.05),(142,'',1,3000.00,139,41,0.05),(145,'',1,2095.00,142,45,0.05),(146,'',1,2800.00,143,65,0.05),(147,'',1,1500.00,144,18,0.05),(148,'',1,1750.00,145,53,0.05),(149,'',1,1500.00,146,54,0.05),(150,'',1,1500.00,147,54,0.05),(151,'',1,1500.00,148,54,0.05),(152,'',1,1500.00,149,54,0.05),(154,'',1,1750.00,151,49,0.05),(158,'',1,1500.00,152,59,0.05),(160,'',1,3000.00,133,39,0.05),(161,'',1,1750.00,153,36,0.05),(163,'',1,2600.00,155,67,0.05),(166,'',1,1600.00,157,35,0.05),(167,'',1,1600.00,157,36,0.05),(168,'',1,1600.00,158,13,0.05),(169,'',1,1500.00,159,54,0.05),(170,'',1,1500.00,160,54,0.05),(171,'',1,1500.00,161,7,0.05),(172,'',1,5300.00,162,47,0.05),(173,'',1,2500.00,163,55,0.05),(174,'',1,2000.00,164,48,0.05),(175,'',1,1500.00,165,54,0.05),(177,'',1,1500.00,166,57,0.05),(178,'',1,1500.00,167,57,0.05),(183,'',1,1290.00,171,68,0.05),(188,'',1,10000.00,172,67,0.05),(189,'',1,1500.00,173,10,0.05),(190,'',1,1500.00,174,51,0.05),(191,'',1,1750.00,175,27,0.05),(194,'',1,1200.00,176,28,0.05),(196,'',1,2000.00,178,38,0.05),(197,'',1,1500.00,179,59,0.05),(204,'',1,1750.00,182,49,0.05),(206,'',1,1250.00,184,56,0.05),(207,'',1,1250.00,185,54,0.05),(209,'',1,3500.00,187,47,0.05),(210,'',1,3500.00,188,47,0.05),(212,'',1,1250.00,189,54,0.05),(214,'',1,3500.00,191,47,0.05),(215,'',1,1450.00,192,54,0.05),(219,'',1,2500.00,195,75,0.05),(220,'',1,1850.00,196,32,0.05),(221,'',1,1500.00,197,57,0.05),(224,'',1,1750.00,200,53,0.05),(227,'',1,1450.00,203,54,0.05),(228,'',1,1450.00,204,54,0.05),(230,'',1,2500.00,206,75,0.05),(231,'',1,1750.00,207,49,0.05),(232,'',1,1750.00,115,53,0.05),(233,'',1,1750.00,114,53,0.05),(234,'',1,1450.00,190,54,0.05),(235,'',1,1450.00,208,54,0.05),(237,'',1,2000.00,210,48,0.05),(238,'',1,1750.00,211,37,0.05),(239,'',1,2000.00,211,38,0.05),(241,'',1,1450.00,213,54,0.05),(242,'',1,1750.00,214,27,0.05),(243,'',1,1750.00,215,37,0.05),(244,'',1,2000.00,215,38,0.05),(245,'',1,1750.00,216,49,0.05),(246,'',1,1500.00,217,59,0.05),(247,'',1,1500.00,218,59,0.05),(248,'',1,1500.00,219,59,0.05),(249,'',1,3500.00,140,47,0.05),(250,'',1,3500.00,202,47,0.05),(251,'',1,1350.00,220,13,0.05),(252,'',1,2500.00,221,55,0.05),(253,'',1,1750.00,222,53,0.05),(254,'',1,1250.00,222,54,0.05),(256,'',1,1500.00,223,49,0.05),(257,'',1,1500.00,224,16,0.05),(258,'',1,1600.00,225,23,0.05),(259,'',1,2800.00,226,70,0.05),(261,'',1,2500.00,228,41,0.05),(262,'',1,3150.00,229,47,0.05),(263,'',1,1750.00,230,53,0.05),(264,'',1,1250.00,230,54,0.05),(265,'',1,1400.00,230,59,0.05),(266,'',1,1500.00,231,54,0.05),(267,'',1,1500.00,232,54,0.05),(268,'',1,1000.00,233,11,0.05),(269,'',1,1750.00,227,53,0.05),(270,'',1,1500.00,234,49,0.05),(271,'',1,1750.00,235,48,0.05),(272,'',1,1350.00,236,12,0.05),(273,'',1,1350.00,237,13,0.05),(274,'',1,1350.00,238,13,0.05),(275,'',1,1350.00,239,13,0.05),(276,'',1,1500.00,240,54,0.05),(277,'',1,1500.00,241,54,0.05),(278,'',1,2800.00,242,70,0.05),(279,'',1,1500.00,243,81,0.05),(280,'',1,2800.00,244,70,0.05),(281,'',1,1350.00,245,12,0.05),(283,'',1,2500.00,246,55,0.05),(284,'',1,1500.00,198,54,0.05),(285,'',1,1750.00,183,53,0.05),(286,'',1,2500.00,247,44,0.05),(287,'',1,2800.00,201,70,0.05),(288,'',1,1000.00,181,11,0.05),(289,'',1,1500.00,193,54,0.05),(290,'',1,1750.00,248,49,0.05),(291,'',1,1350.00,186,13,0.05),(292,'',1,1350.00,180,12,0.05),(293,'',1,1250.00,194,56,0.05),(294,'',1,1350.00,249,12,0.05),(295,'',1,1750.00,250,36,0.05),(296,'',1,1750.00,209,49,0.05),(297,'',1,1500.00,205,54,0.05),(298,'',1,1500.00,251,54,0.05),(299,'',1,1750.00,252,48,0.05),(300,'',1,1750.00,253,48,0.05),(301,'',1,1750.00,254,48,0.05),(302,'',1,1350.00,212,12,0.05),(303,'',1,1500.00,255,54,0.05),(305,'',1,950.00,257,72,0.05),(306,'',1,2500.00,258,41,0.05),(307,'',1,2500.00,259,41,0.05),(308,'',1,1750.00,260,53,0.05),(309,'',1,1500.00,261,54,0.05),(310,'',1,1250.00,262,12,0.05),(311,'',1,2095.00,263,45,0.05),(312,'',1,1500.00,264,13,0.05),(313,'',1,2800.00,265,70,0.05),(314,'',1,1750.00,266,52,0.05),(316,'',1,1250.00,268,54,0.05),(317,'',1,1250.00,269,13,0.05),(318,'',1,1250.00,270,54,0.05),(319,'',1,1750.00,271,49,0.05),(320,'',1,1250.00,271,54,0.05),(321,'',1,1750.00,272,53,0.05),(322,'',1,1750.00,273,53,0.05),(323,'',1,3000.00,274,50,0.05),(325,'',1,3000.00,276,39,0.05),(326,'',1,2350.00,275,55,0.05),(333,'',1,1600.00,280,53,0.05),(334,'',1,1750.00,281,36,0.05),(337,'',1,3150.00,283,47,0.05),(339,'',1,3150.00,256,47,0.05),(340,'',1,3150.00,284,47,0.05),(341,'',1,1750.00,285,52,0.05),(342,'',1,1600.00,285,53,0.05),(343,'',1,1250.00,286,54,0.05),(344,'',1,1750.00,282,52,0.05),(345,'',1,1600.00,282,53,0.05),(346,'',1,1750.00,287,52,0.05),(347,'',1,1600.00,287,53,0.05),(348,'',1,1750.00,288,49,0.05),(349,'',1,1250.00,288,54,0.05),(350,'',1,1250.00,289,54,0.05),(351,'',1,1250.00,290,54,0.05),(352,'',1,1400.00,291,59,0.05),(353,'',1,1250.00,292,54,0.05),(354,'',1,1250.00,293,13,0.05),(355,'',1,1600.00,294,53,0.05),(356,'',1,2350.00,295,55,0.05),(357,'',1,1600.00,199,53,0.05),(358,'',1,1600.00,296,53,0.05),(359,'',1,1250.00,297,54,0.05),(360,'',1,4500.00,298,91,0.05),(361,'',1,1250.00,299,54,0.05),(362,'',1,1400.00,300,59,0.05),(363,'',1,2350.00,301,55,0.05),(364,'',1,2350.00,302,55,0.05),(365,'',1,2350.00,303,55,0.05),(366,'',1,1600.00,304,24,0.05),(367,'',1,3000.00,305,50,0.05),(368,'',1,5500.00,306,92,0.05),(369,'',1,2000.00,307,38,0.05),(370,'',1,2350.00,308,55,0.05),(371,'',1,2350.00,309,55,0.05),(372,'',1,1250.00,310,13,0.05),(373,'',1,1750.00,311,49,0.05),(374,'',1,2350.00,312,55,0.05),(375,'',1,1250.00,313,54,0.05),(376,'',1,2350.00,314,55,0.05),(377,'',1,1750.00,315,48,0.05),(378,'',1,1750.00,316,48,0.05),(381,'',1,2000.00,319,9,0.05),(382,'',1,1250.00,320,54,0.05),(383,'',1,1750.00,321,52,0.05),(384,'',1,4500.00,322,4,0.05),(386,'',1,1500.00,324,18,0.05),(387,'',1,1500.00,323,18,0.05),(388,'',1,2000.00,325,9,0.05),(389,'',1,1250.00,326,54,0.05),(390,'',1,2000.00,327,9,0.05),(391,'',1,2000.00,328,9,0.05),(392,'',1,2000.00,329,9,0.05),(393,'',1,3000.00,330,50,0.05),(394,'',1,3000.00,331,50,0.05),(395,'',1,1250.00,332,13,0.05),(396,'',1,1250.00,333,54,0.05),(397,'',1,3000.00,334,50,0.05),(398,'',1,3000.00,335,50,0.05),(403,'',1,1750.00,338,49,0.05),(404,'',1,1.00,317,50,0.05),(405,'',1,1250.00,337,13,0.05),(406,'',1,1750.00,336,49,0.05),(407,'',1,3150.00,339,47,0.05),(408,'',1,1250.00,340,13,0.05),(409,'',1,1250.00,318,13,0.05),(410,'',1,1000.00,341,11,0.05),(411,'',1,950.00,341,72,0.05),(412,'',1,1500.00,342,16,0.05);
/*!40000 ALTER TABLE `invoices_invoiceitem` ENABLE KEYS */;
UNLOCK TABLES;

--
-- Table structure for table `invoices_invoicepurchase`
--

DROP TABLE IF EXISTS `invoices_invoicepurchase`;
/*!40101 SET @saved_cs_client     = @@character_set_client */;
/*!50503 SET character_set_client = utf8mb4 */;
CREATE TABLE `invoices_invoicepurchase` (
  `id` bigint NOT NULL AUTO_INCREMENT,
  `invoice_number` varchar(50) NOT NULL,
  `date` date NOT NULL,
  `due_date` date NOT NULL,
  `total_amount` decimal(10,2) NOT NULL,
  `advance_amount` decimal(10,2) NOT NULL,
  `number_of_person` int NOT NULL,
  `status` varchar(20) NOT NULL,
  `client_id` bigint NOT NULL,
  `course_id` bigint DEFAULT NULL,
  `user_id` int NOT NULL,
  `payment` varchar(20) NOT NULL,
  `discount` decimal(5,2) DEFAULT '0.00',
  PRIMARY KEY (`id`),
  UNIQUE KEY `invoice_number` (`invoice_number`),
  KEY `invoices_invoicepurc_client_id_899e9bad_fk_invoices_` (`client_id`),
  KEY `invoices_invoicepurc_course_id_21748f66_fk_invoices_` (`course_id`),
  KEY `invoices_invoicepurchase_user_id_e5f4e057_fk_auth_user_id` (`user_id`),
  CONSTRAINT `invoices_invoicepurc_client_id_899e9bad_fk_invoices_` FOREIGN KEY (`client_id`) REFERENCES `invoices_client` (`id`),
  CONSTRAINT `invoices_invoicepurc_course_id_21748f66_fk_invoices_` FOREIGN KEY (`course_id`) REFERENCES `invoices_course` (`id`),
  CONSTRAINT `invoices_invoicepurchase_user_id_e5f4e057_fk_auth_user_id` FOREIGN KEY (`user_id`) REFERENCES `auth_user` (`id`)
) ENGINE=InnoDB AUTO_INCREMENT=7 DEFAULT CHARSET=utf8mb3;
/*!40101 SET character_set_client = @saved_cs_client */;

--
-- Dumping data for table `invoices_invoicepurchase`
--

LOCK TABLES `invoices_invoicepurchase` WRITE;
/*!40000 ALTER TABLE `invoices_invoicepurchase` DISABLE KEYS */;
INSERT INTO `invoices_invoicepurchase` VALUES (6,'25/02/001','2025-02-10','2025-02-21',0.00,900.00,1,'Full Payment',419,NULL,2,'Card',20.00);
/*!40000 ALTER TABLE `invoices_invoicepurchase` ENABLE KEYS */;
UNLOCK TABLES;

--
-- Table structure for table `invoices_invoicepurchaseitem`
--

DROP TABLE IF EXISTS `invoices_invoicepurchaseitem`;
/*!40101 SET @saved_cs_client     = @@character_set_client */;
/*!50503 SET character_set_client = utf8mb4 */;
CREATE TABLE `invoices_invoicepurchaseitem` (
  `id` bigint NOT NULL AUTO_INCREMENT,
  `description` longtext NOT NULL,
  `quantity` int NOT NULL,
  `unit_price` decimal(10,2) NOT NULL,
  `vat_rate` decimal(4,2) NOT NULL,
  `course_id` bigint DEFAULT NULL,
  `invoice_id` bigint NOT NULL,
  PRIMARY KEY (`id`),
  KEY `invoices_invoicepurc_course_id_1fdb3be9_fk_invoices_` (`course_id`),
  KEY `invoices_invoicepurc_invoice_id_4b6bf5a1_fk_invoices_` (`invoice_id`),
  CONSTRAINT `invoices_invoicepurc_course_id_1fdb3be9_fk_invoices_` FOREIGN KEY (`course_id`) REFERENCES `invoices_course` (`id`),
  CONSTRAINT `invoices_invoicepurc_invoice_id_4b6bf5a1_fk_invoices_` FOREIGN KEY (`invoice_id`) REFERENCES `invoices_invoicepurchase` (`id`)
) ENGINE=InnoDB AUTO_INCREMENT=7 DEFAULT CHARSET=utf8mb3;
/*!40101 SET character_set_client = @saved_cs_client */;

--
-- Dumping data for table `invoices_invoicepurchaseitem`
--

LOCK TABLES `invoices_invoicepurchaseitem` WRITE;
/*!40000 ALTER TABLE `invoices_invoicepurchaseitem` DISABLE KEYS */;
/*!40000 ALTER TABLE `invoices_invoicepurchaseitem` ENABLE KEYS */;
UNLOCK TABLES;

--
-- Table structure for table `invoices_proposal`
--

DROP TABLE IF EXISTS `invoices_proposal`;
/*!40101 SET @saved_cs_client     = @@character_set_client */;
/*!50503 SET character_set_client = utf8mb4 */;
CREATE TABLE `invoices_proposal` (
  `id` bigint NOT NULL AUTO_INCREMENT,
  `proposal_number` varchar(20) NOT NULL,
  `client_name` varchar(255) NOT NULL,
  `presenter_title` varchar(255) NOT NULL,
  `date` date NOT NULL,
  `location` varchar(255) NOT NULL,
  `logo` varchar(100) DEFAULT NULL,
  `logo_white_url` varchar(255) DEFAULT NULL,
  `created_at` datetime(6) NOT NULL,
  `course_id` bigint NOT NULL,
  `trainer_id` bigint DEFAULT NULL,
  PRIMARY KEY (`id`),
  UNIQUE KEY `proposal_number` (`proposal_number`)
) ENGINE=InnoDB AUTO_INCREMENT=51 DEFAULT CHARSET=utf8mb3;
/*!40101 SET character_set_client = @saved_cs_client */;

--
-- Dumping data for table `invoices_proposal`
--

LOCK TABLES `invoices_proposal` WRITE;
/*!40000 ALTER TABLE `invoices_proposal` DISABLE KEYS */;
INSERT INTO `invoices_proposal` VALUES (1,'PROP-2024-0001','Client','Dyan','2024-12-30','Dubai','proposal_logos/proposal_logos/proposal_logos/HBO_2_Logo_Poland.png','proposal_logos_white\\white_HBO_2_Logo_Poland.png','2024-09-10 14:15:20.359979',38,6),(3,'PROP-2024-0002','Al Fahad Electrical Systems','Dyan E. Baguio','2024-09-11','Abu Dhbai','proposal_logos/proposal_logos/Al_Fahad_Electrical_Systems_LLC-removebg-preview.png','proposal_logos_white\\white_Al_Fahad_Electrical_Systems_LLC-removebg-preview.png','2024-09-11 09:26:21.033310',27,6),(4,'PROP-2024-0003','latest','dyan','2024-09-16','Dubai','proposal_logos/pngtree_xrDPEuE.png','proposal_logos_white\\white_pngtree.png','2024-09-16 09:36:36.172321',10,6),(5,'PROP-2024-0004','Sample Proposal','Dyan Baguio','2025-02-05','Dubai','','','2024-09-17 15:26:28.757484',37,6),(6,'PROP-2024-0005','FallProtec ME Trading LLC','Dyan E. Baguio','2024-10-09','Orbit Training Center','',NULL,'2024-10-09 14:10:16.640737',53,6),(8,'PROP-2024-0006','Design Smith Interior Work','Carolina','2024-10-15','AL QUOZ 1, DUBAI, UNITED ARAB EMIRATES','proposal_logos/new-removebg-preview.png','proposal_logos_white\\white_new-removebg-preview.png','2024-10-15 14:43:41.793366',54,6),(9,'PROP-2024-0007','Antoniette Galang','Dyan E. Baguio','2024-10-19','Orbit Training Center','',NULL,'2024-10-19 12:26:11.717789',53,6),(10,'PROP-2024-0008','Rekha Sasikumar','Dyan E. Baguio','2024-10-21','Orbit Training Center','',NULL,'2024-10-21 07:55:47.549742',36,6),(11,'PROP-2024-0009','Client','Dyan E. Baguio','2024-11-19','Orbit Training Center','',NULL,'2024-10-23 13:24:25.638920',54,6),(12,'PROP-2024-0010','Radhika','Dyan E. Baguio','2024-10-24','Orbit Training Center','',NULL,'2024-10-24 16:15:41.193489',36,6),(13,'PROP-2024-0011','Wade Adams Contracting L.L.C','Mr. Oliver','2024-10-25','Orbit Training Center','proposal_logos/proposal_logos/wade-adams-logo-constructing-excellence-removebg-preview.png','proposal_logos_white\\white_wade-adams-logo-constructing-excellence-removebg-preview.png','2024-10-25 10:29:10.099207',47,6),(14,'PROP-2024-0012','Biotech Pharma Drug Store LLC','Dyan E. Baguio','2024-10-29','Al Garhoud','proposal_logos/Biotech_1.png','proposal_logos_white\\white_Biotech (1).png','2024-10-29 10:17:19.745459',69,NULL),(15,'PROP-2024-0013','Arbrit','Dyan E. Baguio','2024-11-13','Orbit Training Center','','','2024-10-29 10:18:21.058103',10,NULL),(16,'PROP-2024-0014','Justo Reyes','Carolina Agulto','2024-11-01','Burjuman Business Tower','',NULL,'2024-11-01 13:15:45.553209',27,6),(17,'PROP-2024-0015','AREC engineering consultant','Dyan E. Baguio','2024-11-04','Bay Squre, Dubai','proposal_logos/arec_logo_3.png','proposal_logos_white\\white_arec logo (3).png','2024-11-04 09:36:03.457765',46,6),(18,'PROP-2024-0016','Arbrit','Dyan E. Baguio','2024-11-13','Orbit Training Center','',NULL,'2024-11-13 13:24:20.410011',10,5),(19,'PROP-2024-0017','Mohammed Moosa','Dyan Baguio','2024-11-20','211 Pinnacle building Al Barsha 1, sheikh Zayed Rd Dubai','',NULL,'2024-11-20 10:13:20.694943',49,6),(20,'PROP-2024-0018','ASUS middle east FZCO','Dyan Baguio','2024-11-20','211 Pinnacle Building Al Barsha 1, sheikh Zayed Rd Dubai','',NULL,'2024-11-20 12:48:28.718604',44,6),(21,'PROP-2024-0019','Rashid','Dyan Baguio','2024-12-28','Orbit Training Center - Online Class','',NULL,'2024-11-20 14:52:45.345587',49,6),(22,'PROP-2024-0020','Client','Dyan E. Baguio','2025-02-13','Orbit Training Center','',NULL,'2024-11-25 09:50:01.215753',47,6),(23,'PROP-2024-0021','Mohammad Faisil','Dyan Baguio','2024-11-26','Orbit Training Center','',NULL,'2024-11-26 13:50:10.193097',53,NULL),(24,'PROP-2024-0022','Jeyric Yap','Dyan Baguio','2024-11-27','211 Pinnacle Building Al Barsha 1, Sheikh Zayed Rd Dubai','',NULL,'2024-11-27 12:37:48.372667',52,6),(25,'PROP-2024-0023','Client','Dyan Baguio','2024-11-30','Orbit Training Center - Online Class','',NULL,'2024-11-30 12:39:06.508686',23,6),(26,'PROP-2024-0024','Mary Mae Marasigan','Dyan Baguio','2025-03-07','Orbit Training Center','',NULL,'2024-12-08 11:29:33.486828',54,8),(27,'PROP-2024-0025','Client','Dyan Baguio','2024-12-11','Orbit Training Center','',NULL,'2024-12-11 09:54:15.565156',35,6),(28,'PROP-2024-0026','Panasonic Marketing Middle East & Africa FZE','Carolina Agulto','2024-12-14','Jebel Ali Free Zone (South), Dubai, United Arab Emirates','proposal_logos/new1.png','proposal_logos_white\\white_new1.png','2024-12-14 08:09:12.990258',76,6),(29,'PROP-2024-0027','Lokesh','Dyan E. Baguio','2024-12-14','Orbit Training Center','',NULL,'2024-12-14 08:32:17.413739',37,6),(30,'PROP-2024-0028','Mohammad Yusof','Dyan Baguio','2024-12-16','Orbit Training Center','',NULL,'2024-12-16 13:26:23.935225',45,6),(31,'PROP-2024-0029','Client','Dyan Baguio','2024-12-17','Orbit Training Center','',NULL,'2024-12-17 14:41:21.838602',41,6),(32,'PROP-2024-0030','HCTS International FZE','Dyan E. Baguio','2024-12-18','Dubai','proposal_logos/proposal_logos/HCTS_New_Sy6XNFB.png','proposal_logos_white\\white_HCTS_New_Sy6XNFB.png','2024-12-18 14:57:30.787877',53,6),(33,'PROP-2024-0031','HCTS International FZE','Dyan E. Baguio','2024-12-18','Dubai','proposal_logos/proposal_logos/HCTS_New.png','proposal_logos_white\\white_HCTS_New.png','2024-12-18 14:59:37.335128',49,6),(34,'PROP-2024-0032','Client','Dyan Baguio','2024-12-20','Orbit Training Center','',NULL,'2024-12-20 11:31:25.929910',52,6),(35,'PROP-2024-0033','Riyaz','Dyan Baguio','2024-12-20','Orbit Training Center','',NULL,'2024-12-20 13:35:40.358364',10,5),(36,'PROP-2024-0034','Client','Dyan Baguio','2025-03-19','Orbit Training Center','',NULL,'2024-12-20 13:39:59.879877',36,6),(37,'PROP-2024-0035','Client','Dyan E. Baguio','2024-12-30','Orbit Training Center','',NULL,'2024-12-30 13:00:17.858366',38,6),(38,'PROP-2025-0001','Client','Dyan E. Baguio','2025-02-11','Orbit Training Center','',NULL,'2025-01-03 14:18:47.464344',53,6),(39,'PROP-2025-0002','Tasmeer Indigo Properties','Dyan E. Baguio','2025-01-24','Dubai','proposal_logos/Tasmeer_Mobile.png','proposal_logos_white\\white_Tasmeer Mobile.png','2025-01-24 16:44:49.727018',10,8),(40,'PROP-2025-0003','Client','Dyan Baguio','2025-02-13','Orbit Training Center','',NULL,'2025-01-26 10:04:54.029940',41,6),(41,'PROP-2025-0004','Client','Dyan Baguio','2025-03-15','Outside Premises','',NULL,'2025-02-19 10:45:15.760311',53,6),(42,'PROP-2025-0005','Majid Al Futtaim','Dyan','2025-02-19','Dubai','',NULL,'2025-02-19 13:22:09.600685',50,5),(43,'PROP-2025-0006','Sajaya Young Ladies of Sharjah','Najaf Ali','2025-03-13','Sharjah','proposal_logos/images-removebg-preview_1.png','proposal_logos_white\\white_images-removebg-preview (1).png','2025-03-13 13:08:46.870196',41,6),(44,'PROP-2025-0007','Dubai Civil Aviation Authority','Dyan E. Baguio','2025-03-14','Orbit Training Center','',NULL,'2025-03-14 10:40:43.841468',54,8),(45,'PROP-2025-0008','atkins realis','Dyan E. Baguio','2025-03-18','Dubai','proposal_logos/Atkins.png','proposal_logos_white\\white_Atkins.png','2025-03-19 09:06:56.153130',53,6),(46,'PROP-2025-0009','Atkins realis','Dyan E. Baguio','2025-03-18','Dubai','proposal_logos/Atkins_BX9L7u4.png','proposal_logos_white\\white_Atkins.png','2025-03-19 09:08:52.392052',49,6),(47,'PROP-2025-0010','Atkins realis','Dyan E. Baguio','2025-03-18','Dubai','proposal_logos/Atkins_xkgTtQi.png','proposal_logos_white\\white_Atkins.png','2025-03-19 09:09:56.780749',52,6),(48,'PROP-2025-0011','Embelle Interiors LLC','Dyan Baguio','2025-03-19','Orbit Training Center','',NULL,'2025-03-19 13:24:23.928963',54,8),(49,'PROP-2025-0012','Chedi Hospitality','Remya Haridas','2025-03-26','Orbit Training Center - Al Barsha 1','',NULL,'2025-03-26 09:56:40.743573',35,6),(50,'PROP-2025-0013','Confident Group','Dyan Baguio','2025-04-07','Orbit Training Center - Online Class','',NULL,'2025-04-07 10:04:24.675833',12,8);
/*!40000 ALTER TABLE `invoices_proposal` ENABLE KEYS */;
UNLOCK TABLES;

--
-- Table structure for table `invoices_quotation`
--

DROP TABLE IF EXISTS `invoices_quotation`;
/*!40101 SET @saved_cs_client     = @@character_set_client */;
/*!50503 SET character_set_client = utf8mb4 */;
CREATE TABLE `invoices_quotation` (
  `id` bigint NOT NULL AUTO_INCREMENT,
  `quotation_number` varchar(20) NOT NULL,
  `client_name` varchar(255) NOT NULL,
  `schedule` varchar(255) NOT NULL,
  `training_venue` varchar(50) NOT NULL,
  `discount` decimal(10,2) NOT NULL,
  `consultant_position` varchar(255) NOT NULL,
  `consultant_name` varchar(20) NOT NULL,
  `consultant_number` varchar(20) NOT NULL,
  `consultant_email` varchar(254) NOT NULL,
  `created_at` datetime(6) NOT NULL,
  `user_id` int NOT NULL,
  PRIMARY KEY (`id`),
  UNIQUE KEY `quotation_number` (`quotation_number`),
  KEY `invoices_quotation_user_id_c465ebef_fk_auth_user_id` (`user_id`),
  CONSTRAINT `invoices_quotation_user_id_c465ebef_fk_auth_user_id` FOREIGN KEY (`user_id`) REFERENCES `auth_user` (`id`)
) ENGINE=InnoDB AUTO_INCREMENT=74 DEFAULT CHARSET=utf8mb3;
/*!40101 SET character_set_client = @saved_cs_client */;

--
-- Dumping data for table `invoices_quotation`
--

LOCK TABLES `invoices_quotation` WRITE;
/*!40000 ALTER TABLE `invoices_quotation` DISABLE KEYS */;
INSERT INTO `invoices_quotation` VALUES (2,'24/08/002','Dutch Digital Delivery Company','To be agree mutually','Orbit Training (In-House)',20.00,'Sales Representative','Andrea De Guzman','971569921233','anddrea@orbittraining.ae','2024-08-13 14:18:44.753976',4),(3,'24/08/003','Atlas Computing Technologies','To be agree mutually','Company Premises (External)',20.00,'Sales Representative','Andrea De Guzman','971569921233','anddrea@orbittraining.ae','2024-08-15 10:13:07.495776',4),(4,'24/08/004','Mohammed Naveed Ur Rahman','To be agree upon mutually','online',20.00,'Sales Representative','Dyan E. Baguio','+971 58 227 4991','dyan@orbittraining.ae','2024-08-19 15:38:01.842716',3),(5,'24/08/005','Jarrad Warwick','To be agree upon mutually','Orbit Training (In-House)',20.00,'Sales Representative','Dyan E. Baguio','+971 58 227 4991','dyan@orbittraining.ae','2024-08-20 09:55:58.637456',3),(6,'24/08/006','Ganesh Kumar Murugan','To be agree upon mutually','Orbit Training (In-House)',20.00,'Sales Representative','Dyan E. Baguio','+971 58 227 4991','dyan@orbittraining.ae','2024-08-20 13:19:53.340438',3),(7,'24/08/007','Azam Mir','To be agree upon mutually','Orbit Training (In-House)',45.00,'Sales Representative','Dyan E. Baguio','+971 58 227 4991','dyan@orbittraining.ae','2024-08-21 09:49:59.117679',3),(8,'24/08/008','Revathy Ravi','To be agree upon mutually','Orbit Training (In-House)',20.00,'Sales Representative','Dyan E. Baguio','+971 58 227 4991','dyan@orbittraining.ae','2024-08-21 10:57:12.406857',3),(9,'24/08/009','Marvin Gonzales','To be agree upon mutually','online',20.00,'Sales Representative','Dyan E. Baguio','+971 58 227 4991','dyan@orbittraining.ae','2024-08-22 12:52:50.484246',3),(10,'24/08/010','Nishin','To be agree upon mutually','Orbit Training (In-House)',50.00,'Sales Representative','Dyan E. Baguio','+971 58 227 4991','dyan@orbittraining.ae','2024-08-22 13:53:35.810618',3),(14,'24/09/001','Lein','To be agree mutually','Orbit Training (In-House)',20.00,'Sales Representative','Dyan Baguio','+971 58 227 4991','training@orbittraining.ae','2024-09-20 08:03:41.519651',3),(15,'24/09/002','Dear Client','To be agree mutually','online',20.00,'sales','Carolina Agulto','971569921233','carolina.orbittrainings@gmail.com','2024-09-30 12:51:54.650465',4),(16,'24/09/003','Client','to be agree manually','online',20.00,'sales','Carolina Agulto','0569921233','carolina.orbittrainings@gmail.com','2024-09-30 13:10:00.293585',4),(17,'24/10/001','sadia habib','To be agree mutually','online',20.00,'Sales Representative','Dyan Baguio','+971 58 227 4991','training@orbittraining.ae','2024-10-07 15:32:07.445056',3),(18,'24/10/002','Ganesh Kumar Murugan','To be agree mutually','Orbit Training (In-House)',20.00,'Sales Representative','Dyan Baguio','+971 58 227 4991','training@orbittraining.ae','2024-10-09 08:05:51.684633',3),(19,'24/10/003','Rawan Mashaly','To be agree mutually','Orbit Training (In-House)',20.00,'Sales Representative','Dyan Baguio','+971 58 227 4991','training@orbittraining.ae','2024-10-09 14:04:02.672003',3),(20,'24/10/004','Fall Protec Me Trading LLC','To be agree mutually','Orbit Training (In-House)',20.00,'Sales Representative','Dyan Baguio','+971 58 227 4991','training@orbittraining.ae','2024-10-09 14:53:42.681214',3),(21,'24/10/005','Client','To be agree mutually','Orbit Training (In-House)',20.00,'Sales Representative','Dyan Baguio','+971 58 227 4991','training@orbittraining.ae','2024-10-12 16:35:45.327535',3),(22,'24/10/006','Design Smith','to be agree manually','Company Premises (External)',20.00,'Sales Representative','Carolina Agulto','0569921233','carolina.orbittrainings@gmail.com','2024-10-15 13:01:24.005863',4),(23,'24/10/007','Design Smith','to be agree manually','Orbit Training (In-House)',20.00,'Sales Representative','Carolina Agulto','0569921233','carolina.orbittrainings@gmail.com','2024-10-15 14:14:03.155663',4),(24,'24/10/008','Ms. Shaikha','To be agree mutually','online',20.00,'Sales Representative','Dyan Baguio','+971 58 227 4991','training@orbittraining.ae','2024-10-16 08:08:21.043096',2),(25,'24/10/009','Rekha Sasikumar','To be agree mutually','Orbit Training (In-House)',20.00,'Sales Representative','Dyan Baguio','+971 58 227 4991','training@orbittraining.ae','2024-10-21 07:09:59.143023',2),(26,'24/10/010','Amir','To be agree mutually','Orbit Training (In-House)',20.00,'Sales Representative','Dyan Baguio','+971 58 227 4991','training@orbittraining.ae','2024-10-22 11:15:45.942793',2),(27,'24/10/011','Salmanul Faris','to be agree manually','Orbit Training (In-House)',20.00,'Sales Representative','Dyan Baguio','971569921233','training@orbittraining.ae','2024-10-22 13:30:31.533830',4),(29,'24/10/012','Sama Sakr','To be agree mutually','online',20.00,'Sales Representative','Dyan Baguio','+971 58 227 4991','training@orbittraining.ae','2024-10-23 12:53:45.056620',2),(30,'24/10/013','Wade Adams Contracting L.L.C','To be agree mutually','Company Premises (External)',20.00,'Sales Manager','Mr Oliver','+971 58 533 6884','olivermarinay@yahoo.com','2024-10-25 11:59:55.688208',2),(31,'24/10/014','Mohammed','to be agree manually','Orbit Training (In-House)',20.00,'Sales Representative','Carolina Agulto','0569921233','carolina.orbittrainings@gmail.com','2024-10-27 15:55:33.659539',4),(32,'24/11/001','Justo Reyes','to be agree manually','Orbit Training (In-House)',20.00,'Sales Representative','Carolina Agulto','0569921233','carolina.orbittrainings@gmail.com','2024-11-01 12:51:05.103243',4),(33,'24/11/002','AREC engineering consultant','To be agree mutually','Company Premises (External)',35.00,'Corporate Sales Representative','Dyan Baguio','+971582274991','training@orbittraining.ae','2024-11-04 09:33:05.538182',2),(34,'24/11/003','Client','To be agree mutually','online',20.00,'Corporate Sales Representative','Dyan Baguio','+971 58 227 4991','training@orbittraining.ae','2024-11-13 13:12:45.322251',2),(35,'24/11/004','ASUS middle east FZCO','To be agree upon mutually','online',25.00,'Corporate Sales Training','Dyan E. Baguio','+971 58 227 4991','training@orbittraining.ae','2024-11-20 12:31:31.333375',3),(36,'24/11/005','ASUS middle east FZCO','To be agree upon mutually','online',20.00,'Corporate Sales Training','Dyan E. Baguio','+971 58 227 4991','training@orbittraining.ae','2024-11-20 12:37:36.540252',3),(37,'24/11/006','ASUS middle east FZCO','To be agree upon mutually','online',20.00,'Corporate Sales Training','Dyan E. Baguio','+971 58 227 4991','training@orbittraining.ae','2024-11-20 13:12:21.459861',3),(38,'24/11/007','Client','Agree Upon Mutually','Orbit Training (In-House)',50.00,'Corporate Sales Representative','Dyan Baguio','+971-582274991','training@orbittraining.ae','2024-11-22 10:10:01.123160',2),(39,'24/11/008','Jeyric Yap','To be Agree upon Mutually','Orbit Training (In-House)',20.00,'Corporate Sales Representative','Dyan Baguio','+971-582274991','training@orbittraining.ae','2024-11-25 09:03:58.325014',2),(40,'24/12/001','Mary Mae Marasigan','To be agree upon mutually','Orbit Training (In-House)',30.00,'Sales Representative','Dyan E. Baguio','+971 58 227 4991','training@orbittraining.ae','2024-12-08 09:15:47.084635',3),(41,'24/12/002','Panasonic Marketing Middle East & Africa FZE','to be agree manually','online',0.00,'Sales Representative','Carolina','0569921233','carolina.orbittrainings@gmail.com','2024-12-10 09:08:36.838140',4),(42,'24/12/003','HCTS International FZE','Agree Upon Mutually','Orbit Training (In-House)',20.00,'Corporate Sales Representative','Dyan Baguio','+971-582274991','training@orbittraining.ae','2024-12-18 15:13:45.928669',3),(43,'25/01/001','Client','To be agree mutually','Orbit Training (In-House)',25.00,'Corporate Sales Representative','Dyan Baguio','+971 58 227 4991','training@orbittraining.ae','2025-01-03 14:15:58.060847',3),(44,'25/01/002','Mohammed Ali Harshad','To be agree mutually','Orbit Training (In-House)',20.00,'Sales Representative','Dyan Baguio','+971 58 227 4991','training@orbittraining.ae','2025-01-06 13:37:45.236960',3),(45,'25/01/003','Client','To be agree upon mutually','Orbit Training (In-House)',20.00,'Sales Representative','Dyan E. Baguio','+971 58 227 4991','training@orbittraining.ae','2025-01-09 13:52:01.054169',3),(46,'25/01/004','Client','To be agree upon mutually','Orbit Training (In-House)',0.00,'Sales Representative','Dyan E. Baguio','+971 58 227 4991','training@orbittraining.ae','2025-01-10 07:53:12.785182',3),(47,'25/01/005','Kamran','To be agree upon mutually','online',20.00,'Sales Representative','Dyan E. Baguio','+971 58 227 4991','training@orbittraining.ae','2025-01-11 11:02:57.863486',2),(48,'25/01/006','SESC Project Management LLC','To be agree upon mutually','Orbit Training (In-House)',20.00,'Sales Representative','Dyan E. Baguio','+971 58 227 4991','training@orbittraining.ae','2025-01-13 12:46:49.961976',2),(49,'25/01/007','Wheely','To be agree upon mutually','Orbit Training (In-House)',20.00,'Sales Representative','Dyan E. Baguio','+971 58 227 4991','training@orbittraining.ae','2025-01-23 11:21:36.812723',2),(50,'25/01/008','Client','To be agree upon mutually','Orbit Training (In-House)',25.00,'Sales Representative','Dyan E. Baguio','+971 58 227 4991','training@orbittraining.ae','2025-01-26 10:01:53.447066',2),(51,'25/01/009','Tasmeer Indigo Properties','To be agree upon mutually','Orbit Training (In-House)',20.00,'Corporate Sales Training','Dyan E. Baguio','+971 58 227 4991','training@orbittraining.ae','2025-01-26 13:15:33.887519',2),(52,'25/01/010','Rocky Valdez','To be agree upon mutually','Orbit Training (In-House)',20.00,'Sales Representative','Dyan E. Baguio','+971 58 227 4991','training@orbittraining.ae','2025-01-30 11:04:55.178267',2),(53,'25/02/001','Client','To be agree upon mutually','Orbit Training (In-House)',30.00,'Sales Representative','Dyan E. Baguio','+971 58 227 4991','training@orbittraining.ae','2025-02-05 11:46:17.459860',2),(54,'25/02/002','Client','To be agree upon mutually','Company Premises (External)',26.00,'Corporate Sales Training','Dyan E. Baguio','+971 58 227 4991','training@orbittraining.ae','2025-02-13 11:18:35.571760',2),(55,'25/02/003','Majid Al Futtim','As Per Mutual Discussion','Company Premises (External)',20.00,'Sales Coordinator','Dyan','0552048878','training@orbittraining.ae','2025-02-19 13:25:26.274210',3),(56,'25/03/001','Sajaya Young Ladies of Sharjah','As per mutual understanding','Company Premises (External)',35.00,'Corporate Sales training','Najaf Ali','+971-552048878','training@orbittraining.ae','2025-03-13 12:43:28.985520',48),(57,'25/03/002','Dubai Civil Aviation Authority','12:00nn to 6:00pm or 7:00pm to 9:00pm','Orbit Training (In-House)',20.00,'Corporate Sales Representative','Dyan Baguio','+971-55 2048 878','training@orbittraining.ae','2025-03-14 10:53:06.174591',3),(58,'25/03/003','BIJUBAL','SUNDAY','Orbit Training (In-House)',1.00,'Sales Representative','Remya','+971-569921233','orbitsalesdesk@gmail.com','2025-03-16 11:42:12.062789',47),(59,'25/03/004','Atkins realis','To be agree upon mutually','Company Premises (External)',50.00,'Corporate Sales Consultant','Dyan E. Baguio','+971 582274991','training@orbittraining.ae','2025-03-16 13:50:07.129237',2),(60,'25/03/005','Atkins realis','To be agree upon mutually','Company Premises (External)',50.00,'Corporate Sales Consultant','Dyan E. Baguio','+971 582274991','training@orbittraining.ae','2025-03-16 13:51:11.781174',2),(61,'25/03/006','Atkins realis','To be agree upon mutually','Company Premises (External)',50.00,'Corporate Sales Consultant','Dyan E. Baguio','+971 582274991','training@orbittraining.ae','2025-03-16 13:53:29.250507',2),(62,'25/03/007','INC Solutions','It Depend on the mutual aggreement','Company Premises (External)',30.00,'Corporate Sales Representative','Dyan E. Baguio','+971 58 227 4991','training@orbittraining.ae','2025-03-19 10:18:36.222373',2),(63,'25/03/008','The Family Office Company','To be agree upon mutually','Orbit Training (In-House)',25.00,'Corporate Sales Representative','Dyan E. Baguio','+971 58 227 4991','training@orbittraining.ae','2025-03-19 12:22:36.939788',2),(64,'25/03/009','Embelle Interiors LLC','To be agree upon mutually','Orbit Training (In-House)',20.00,'Corporate Sales Representative','Dyan E. Baguio','+971 58 227 4991','training@orbittraining.ae','2025-03-19 13:23:18.723752',2),(65,'25/03/010','Intelligent Technology Systems - Qatar (ITSQ)','Agree Upon Mutually','online',0.00,'Corporate Course Consulatat','Dyan Baguio','+971-552048878','training@orbittraining.ae','2025-03-24 14:33:04.992198',3),(66,'25/03/011','Intelligent Technology Systems - Qatar (ITSQ)','Agree Upon Mutually','Company Premises (External)',0.00,'Corporate Course Consulatat','Dyan Baguio','+971-552048878','training@orbittraining.ae','2025-03-24 14:35:55.331017',3),(67,'25/03/012','Chedi Hospitality','It depends on the mutual Agreement','Company Premises (External)',60.00,'Corporate Course Consultant','Remya','+971-569921233','remya@orbittraining.ae','2025-03-26 09:18:09.491835',47),(68,'25/03/013','Chedi Hospitality','To be agree upon mutually','Orbit Training (In-House)',60.00,'Corporate Course Consultant','Remya Haridas','+971 56 992 1233','orbitsalesdesk@gmail.com','2025-03-26 09:42:05.312923',2),(69,'25/04/001','Confident Group','To be agree upon mutually','Company Premises (External)',20.00,'Corporate Sales Consultant','Dyan E. Baguio','+971 58 227 4991','training@orbittraining.ae','2025-04-07 10:09:41.446640',2),(70,'25/04/002','Client','To be agree upon mutually','Orbit Training (In-House)',20.00,'Corporate Sales Training','Dyan E. Baguio','+971 58 227 4991','training@orbittraining.ae','2025-04-11 10:18:00.720045',2),(71,'25/04/003','Prakash','Weekdays','Orbit Training (In-House)',20.00,'Sales Representative','Remya','+971-569921233','remya@orbittraining.ae','2025-04-15 12:56:44.281792',47),(72,'25/04/004','Rizwan Mohammad','Weekdays','online',20.00,'Sales Representative','Remya','+971-569921233','remya@orbittraining.ae','2025-04-19 09:29:03.327608',47),(73,'25/04/005','SAIF , ANNABELLE','Weekdays','online',20.00,'Sales Representative','Remya','+971-569921233','remya@orbittraining.ae','2025-04-19 09:41:15.702265',47);
/*!40000 ALTER TABLE `invoices_quotation` ENABLE KEYS */;
UNLOCK TABLES;

--
-- Table structure for table `invoices_quotationitem`
--

DROP TABLE IF EXISTS `invoices_quotationitem`;
/*!40101 SET @saved_cs_client     = @@character_set_client */;
/*!50503 SET character_set_client = utf8mb4 */;
CREATE TABLE `invoices_quotationitem` (
  `id` bigint NOT NULL AUTO_INCREMENT,
  `duration` decimal(10,2) NOT NULL,
  `number_of_persons` int unsigned NOT NULL,
  `course_id` bigint NOT NULL,
  `quotation_id` bigint NOT NULL,
  PRIMARY KEY (`id`),
  KEY `invoices_quotationitem_course_id_59cd97bf_fk_invoices_course_id` (`course_id`),
  KEY `invoices_quotationit_quotation_id_2c420bc7_fk_invoices_` (`quotation_id`),
  CONSTRAINT `invoices_quotationit_quotation_id_2c420bc7_fk_invoices_` FOREIGN KEY (`quotation_id`) REFERENCES `invoices_quotation` (`id`),
  CONSTRAINT `invoices_quotationitem_course_id_59cd97bf_fk_invoices_course_id` FOREIGN KEY (`course_id`) REFERENCES `invoices_course` (`id`),
  CONSTRAINT `invoices_quotationitem_chk_1` CHECK ((`number_of_persons` >= 0))
) ENGINE=InnoDB AUTO_INCREMENT=309 DEFAULT CHARSET=utf8mb3;
/*!40101 SET character_set_client = @saved_cs_client */;

--
-- Dumping data for table `invoices_quotationitem`
--

LOCK TABLES `invoices_quotationitem` WRITE;
/*!40000 ALTER TABLE `invoices_quotationitem` DISABLE KEYS */;
INSERT INTO `invoices_quotationitem` VALUES (2,50.00,1,50,2),(10,20.00,5,61,3),(11,35.00,1,46,4),(12,35.00,1,63,4),(13,35.00,1,47,4),(14,35.00,1,54,4),(16,35.00,1,39,5),(17,45.00,1,23,6),(21,35.00,1,7,7),(22,35.00,1,54,8),(23,50.00,1,55,9),(34,35.00,1,23,10),(35,25.00,1,7,10),(37,35.00,1,43,14),(38,45.00,1,44,14),(64,45.00,1,53,15),(65,35.00,1,54,15),(66,45.00,1,45,15),(67,40.00,1,59,15),(68,25.00,1,42,16),(69,30.00,1,43,16),(70,45.00,1,53,17),(71,35.00,2,23,18),(73,35.00,1,54,19),(75,45.00,1,53,20),(86,50.00,1,55,24),(91,35.00,2,54,22),(95,35.00,2,54,23),(96,35.00,1,36,25),(97,45.00,1,49,26),(102,45.00,1,53,29),(116,50.00,1,44,31),(117,50.00,1,66,31),(119,45.00,1,53,27),(126,40.00,2,52,30),(127,40.00,2,50,30),(128,35.00,1,27,32),(131,35.00,20,46,33),(132,45.00,1,47,21),(136,25.00,1,11,34),(162,35.00,5,54,37),(167,25.00,1,10,38),(174,45.00,1,52,39),(177,35.00,1,54,40),(178,20.00,5,72,35),(179,12.00,5,73,35),(180,12.00,5,30,35),(181,12.00,5,29,35),(182,16.00,5,78,35),(183,55.00,5,71,36),(184,35.00,5,54,36),(188,40.00,12,79,42),(189,45.00,1,53,43),(190,20.00,1,13,44),(191,35.00,1,54,45),(192,35.00,1,54,46),(193,45.00,1,53,46),(194,30.00,1,59,46),(195,35.00,1,54,47),(196,35.00,2,36,48),(197,45.00,1,12,49),(199,45.00,5,53,50),(204,20.00,6,10,51),(205,20.00,1,82,51),(206,45.00,1,53,52),(211,35.00,1,54,53),(215,45.00,2,52,54),(216,45.00,1,49,54),(217,30.00,8,50,55),(219,28.00,10,41,56),(220,35.00,1,54,57),(247,1.00,10,36,62),(250,15.00,1,10,63),(251,35.00,1,54,64),(258,8.00,10,35,68),(262,6.00,1,58,58),(281,40.00,26,85,60),(282,40.00,4,86,60),(283,40.00,33,87,61),(284,40.00,2,88,61),(285,40.00,29,83,59),(286,40.00,24,84,59),(287,40.00,26,85,59),(288,40.00,4,86,59),(291,8.00,10,35,67),(294,30.00,4,12,69),(296,35.00,1,54,70),(298,25.00,1,90,65),(301,25.00,1,90,66),(303,25.00,2,36,71),(307,45.00,2,53,73),(308,45.00,1,48,72);
/*!40000 ALTER TABLE `invoices_quotationitem` ENABLE KEYS */;
UNLOCK TABLES;

--
-- Table structure for table `invoices_registration`
--

DROP TABLE IF EXISTS `invoices_registration`;
/*!40101 SET @saved_cs_client     = @@character_set_client */;
/*!50503 SET character_set_client = utf8mb4 */;
CREATE TABLE `invoices_registration` (
  `id` bigint NOT NULL AUTO_INCREMENT,
  `registration_number` varchar(20) NOT NULL,
  `registration_type` varchar(2) NOT NULL,
  `date` date NOT NULL,
  `first_name` varchar(100) NOT NULL,
  `last_name` varchar(100) NOT NULL,
  `date_of_birth` date DEFAULT NULL,
  `passport_no` varchar(100) NOT NULL,
  `uid_no` varchar(100) NOT NULL,
  `emirates_id_no` varchar(100) NOT NULL,
  `nationality` varchar(100) NOT NULL,
  `education` varchar(100) NOT NULL,
  `phone_no` varchar(20) NOT NULL,
  `alternative_no` varchar(20) NOT NULL,
  `email` varchar(254) NOT NULL,
  `country` varchar(100) NOT NULL,
  `address` longtext NOT NULL,
  `company_or_university_name` varchar(100) NOT NULL,
  `consultant_name` varchar(100) NOT NULL,
  `emirates` varchar(100) NOT NULL,
  `class_type` varchar(10) NOT NULL,
  PRIMARY KEY (`id`),
  UNIQUE KEY `registration_number` (`registration_number`)
) ENGINE=InnoDB AUTO_INCREMENT=318 DEFAULT CHARSET=utf8mb3;
/*!40101 SET character_set_client = @saved_cs_client */;

--
-- Dumping data for table `invoices_registration`
--

LOCK TABLES `invoices_registration` WRITE;
/*!40000 ALTER TABLE `invoices_registration` DISABLE KEYS */;
INSERT INTO `invoices_registration` VALUES (4,'OT/24/002','OT','2024-07-27','Ashna','Riyas','1997-06-29','','N/A','N/A','India','BACHELOR DEGREE','+971 52 709 7864','','Ashna.Riyas@gmail.com','India','','N/A','Ms. Sanuja','','offline'),(5,'OT/24/003','OT','2024-07-27','Melad Mershed','Almatri','1997-12-01','','','784-1997-8069250-7','Syrian','Civil Engineering','971 505772447','971 505778447','Meladmatue1997@gmail.com','Syrian','International City','Royal Palace','Dyan E. Baguio','','offline'),(6,'OT/24/004','OT','2024-07-29','Shayne','Ondray','1997-06-29','P4971002B','','784-1997-8250821-4','Filipino','Bachelor\'s degree','+971506528064','','shayneondray@gmail.com','Philippines','','University of Cebu','Dyan E. Baguio','','offline'),(7,'OT/24/005','OT','2024-08-01','REYNALDO','MALINAO','1976-09-27','P7682623B','3772754','784~1976-0976584~3','FILIPINO','Civil Engineer','055 568 2441','','qs.engineer18@gmail.com','Philippines','Dubai, UAE','RAM Interiors','Dyan E. Baguio','','offline'),(8,'OT/24/006','OT','2024-08-01','Josie','Tolentino','1983-08-24','P7805024A','','784-1983-4121840-6','Filipino','','0551628859','','josielara488@gmail.com','Philippines','4A street Al Kharama Dubai','RAM','Dyan Baguio','','offline'),(10,'OT/24/007','OT','2024-08-02','Saad','Raza','1988-12-03','Fd9897433','','784198805259292','Pakistani','F.A','0529567769','','stonsmile@gmail.com','Pakistan','Nastran Tower 1605 Al Jadaf Dubai','Ink Hotel','Dyan Baguio','','offline'),(11,'OT/24/008','OT','2024-08-02','Tanushri','Unnikrishnan','2004-04-10','V2003909','','784-2004-2532732-5','India','Herriot Watt','971 50 487 4087','n/a','tanushri@gmail.com','Dubai','Abu hail, Dubai','Herriot watt University','Dyan E. Baguio','','offline'),(12,'OT/24/001','OT','2024-08-02','Farukh','khan','1999-02-02','','','784-1994-25555555','Pakistan','BAChELORS','0552048878','','orbittrainingonline@gmail.com','United Arab Emirates','bur dubai','','Caila','','offline'),(15,'OT/24/009','OT','2024-08-03','Mohamed','Afrideen','1998-07-07','P0241108','','784199823342771','Indian','MCA','0505891798','','mohamedafrideen7798@gmail.com','UAE','Park side Hotel Apartments, Discovery Gardens, Dubai','Parkside Hotel Apartments LLC','Dyan','','offline'),(16,'OT/24/010','OT','2024-08-04','Hector','Cureg','1970-09-22','P5153484B','','784197076471479','Filipino','Architecture','0522891364','','hjcuregsr@yahoo.com','United Arab Emirates','704 Al Diyafa Building Salah Aldin Deira Dubai, UAE','Ictinus Engineering Consultant','Dyan E. Baguio','','offline'),(17,'OT/24/011','OT','2024-08-05','LandMark','Contracting LLC','2024-08-05','12345678','1234689','13467','Philippines','Bachelor\'s Degree Interior Design','0552173882','','vallerie_sadiasa@yahoo.com','Dubai','Discovery Green','Landmark','Dyan E. Baguio','','offline'),(19,'OT/24/012','OT','2024-08-08','Maps kolla','Anelka','2006-05-23','','','','Cameroonian','','237 677799166','','anelkamapa@gmail.com','Cameroon','','','orbit','','offline'),(25,'OT/24/013','OT','2024-08-12','Suram','Bhagavan','1990-05-17','NA','NA','NA','Indian','Bachelor in Mechanical','971561316430','971525517546','suram.bhagavanreddy@gmail.com','India','Hyderabad Telengana India','JNTU','andrea','Ras Al Khaimah','offline'),(26,'OT/24/014','OT','2024-08-14','Biju','Valliara Mathew','1972-07-27','NA','','784-1972-1025246-2','India','Diploma Civil','971 556349830','NAA','bijuvm01@gmail.com','United Arab Emirates','Karama','Al- Shandasha','Dyan E. Baguio','Dubai','offline'),(27,'OT/24/015','OT','2024-08-17','Ahmad','Theiab','1984-02-15','N013841951','','784198475415364','Syrian','Mechanical Engineering','0567745369','0553881900','ahmad.diab84@gmail.com','UAE','Dubai Silicon Oasis','TUV SUS ME','andrea','Dubai','offline'),(28,'OT/24/016','OT','2024-08-18','Angelyn','Cruz','1997-02-26','N/A','N/A','784-1997-60714620','Filipino','Bachelor Degree','971 54 561 6405','N/A','giegiecruz@gmail.com','United Arab Emirates','Muraqqabat Deira','N/A','Dyan E. Baguio','Dubai','online'),(29,'OT/24/017','OT','2024-08-19','Adam','Moussa','2007-12-03','N/A','N/A','78420071657495','Egyptian','N/A','0559977147','','adamxmoussa@gmail.com','United Arab Emirates','Dubai','N/A','Dyan Baguio','Dubai','offline'),(30,'OT/24/018','OT','2024-07-12','Abinesh','Archunam',NULL,'V2074231','','','INDIA','BE Marine Engineering','+971564018779','','abineshajayoo@gmail.com','United Arab Emirates','Deira, Dubai.','','Oubadah','','offline'),(31,'OT/24/019','OT','2024-08-21','Mahmoud','Khalil Kleit','1983-12-23','LR2276584','','784198390952293','Lebanon','Computer sinnce','569817743','','mahmoudfr202@gmail.com','Lebanon','Furjan Stars by Danube tower 1','Kama capital','Dyan E. Baguio','Dubai','offline'),(33,'OT/24/020','OT','2024-08-22','George','Lubega','1969-08-08','N/A','N/A','N/A','USA','Master','+966569835876','+17793643311','gslubega@yahoo.com','US','','N/A','Dyan E. Baguio','Saudia','offline'),(35,'OT/24/021','OT','2023-11-21','Julius','Castillo','1991-02-02','','','','Philippines','Bechlore of Electrical Engineering','0555555555','','admin@admin.com','Dubai','Dubai','','admin','United Arab Emirates','offline'),(37,'OC/24/001','OC','2024-09-10','','',NULL,'','','','','','','','','Pakistan','','','admin','','offline'),(41,'OT/24/022','OT','2024-09-10','Syed Oubadah','Syed',NULL,'V2074231','','','INDIA','BE Marine Engineering','03435233244','','syedoubadah@gmail.com','Pakistan','Allahdand tehsil Thana Baizai District Malakand','128c565a78f1107e218a4053a8cc9146','admin','','offline'),(42,'OT/24/023','OT','2024-09-10','Syed Oubadah','Syed',NULL,'V2074231','','','INDIA','BE Marine Engineering','03435233244','','syedoubadah@gmail.com','Pakistan','Allahdand tehsil Thana Baizai District Malakand','128c565a78f1107e218a4053a8cc9146','admin','','offline'),(43,'OT/24/024','OT','2024-09-10','demo','v u','2024-09-11','1314','13124','1314','india','bsc cs','0977564','97757645','juraijvuit@gmail.com','UAE','','orbit','admin','dubai','offline'),(44,'OT/24/025','OT','2024-09-10','demo','v u','2024-09-12','1314','13124','1314','india','bsc cs','0977564','97757645','juraijvuit@gmail.com','dubai','','','admin','dubai','offline'),(45,'OT/24/026','OT','2024-09-10','demo','vu','2024-09-05','1314','13124','1314','india','bsc cs','0977564','97757645','juraijvuit@gmail.com','dubai','addres','orbit','admin','dubai','offline'),(46,'OT/24/027','OT','2024-09-10','demo','v u','2024-09-12','1314','13124','1314','india','bsc cs','0977564','97757645','juraijvuit@gmail.com','dubai','','orbit','admin','dubai','online'),(47,'OT/24/028','OT','2024-09-08','Syed','Nousif','1999-10-07','NA','NA','784-1999-7566928-6','Indian','Bachelor Of Mechanical Engineering','971 56 561 8619','971 56 561 8619','Syednousif23@gmail.com','United Arab Emirates','Umman Quain','VTU','Dyan Baguio','Dubai','offline'),(48,'OT/24/029','OT','2024-09-11','Christy','Raju','1974-12-03','','NA','784-1974-6954326-4','India','Diploma in Mechanical','0544005476','N/A','christyraju4@gmail.com','India','','ALCA DOORS & WINDOWS','Dyan Baguio','Dubai','offline'),(82,'OC/24/004','OC','2024-09-17','','',NULL,'','','','','','','','','UAE','','','admin','','offline'),(83,'OT/24/030','OT','2024-09-22','Abid','Nawas','1995-12-31','','','784199595408073','Pakistan','Metric','0562662610','','Abidnawaza50@gmail.com','United Arab Emirates','Al Satwa, Al Badaa, Dubai','','dyan','Dubai','batch'),(84,'OT/24/031','OT','2024-09-20','Muhammad','Nawaz','1982-02-02','AN9616774','NA','784-1982-9291763-6','Pakistan','DEGREE','971 52 221 7364','971 50 221 5856','nawazuae99@gmail.com','United Arab Emirates','Health Care City','Golden Square','Dyan Baguio','Dubai','offline'),(85,'OT/24/032','OT','2024-09-21','Mohamed','Farhan','1998-11-09','U4390951','NA','784-1998-5719168-0','Indian','Bachelor in Mechanical','971 56 889 5369','54 710 7615','mohamad.farhan@alshirawiinterior.com','United Arab Emirates','China Cluster','Al Shirawi','Dyan Baguio','Dubai','offline'),(86,'OT/24/033','OT','2024-09-22','Numan Hussain','Mohammed','1999-01-05','P0449256','NA','NA','Indian','Bachelor in Civil Engineering','971 54 783 2354','N/A','numan26@gmail.com','United Arab Emirates','Dubai','Sobha','Dyan Baguio','Dubai','offline'),(87,'OT/24/034','OT','2024-09-22','mohammad','thameem','1999-04-28','P0114558','NA','NA','Indian','Bachelor in Mechanical Engineering','971 56 899 7393','N/A','thameemtami66@gmail.com','United Arab Emirates','Jebel Ali','TGAC','Dyan Baguio','Dubai','offline'),(88,'OT/24/035','OT','2024-08-09','Abrokwaa','Felix','1990-08-09','G3033804','NA','874-1997-3933170-2','GHANAIAN','Senior High School','971 54 313 6533','971 52 803 1514','felixbrokwa482@gmail.com','United Arab Emirates','UAE','Transguard','Dyan Baguio','Dubai','offline'),(89,'OT/24/036','OT','2024-08-12','Assif','Hussain','1999-06-02','QA6913201','NA','784-1999-2029534-4','Pakistan','Bachelor in Mechanical Engineering','971 52 133 0098','971 56 394 0597','asifbatlimuhammad@gmail.com','United Arab Emirates','Jabal Ali Industrial Area 2','Accumech CNC','Dyan Baguio','Dubai','offline'),(90,'OT/24/037','OT','2024-08-12','Suram','Bhagavan','1990-05-17','NA','NA','NA','Indian','Bachelor in Mechanical Engineering','971 56 131 6430','971 52 551 7546','suram.bhagavanreddy@gmail.com','United Arab Emirates','hyderabad teleghana india','JNTU','Dyan Baguio','Dubai','offline'),(91,'OT/24/038','OT','2024-08-17','ahmed','theiab','1984-02-15','N013841951','NA','784-1984-754-1536-4','Syrian','Bachelor in Mechanical Engineering','971 55 388 1900','971 56 774 5369','ahamd.diab84@gmail.com','United Arab Emirates','Dubai Silicon Oasis','TUV SUV ME','Dyan Baguio','Dubai','offline'),(92,'OT/24/039','OT','2024-08-25','Haseena','k',NULL,'N5398304','NA','NA','India','Senior High School','971 52 869 3091','971 50 242 8419','hasi1994583@gmail.com','United Arab Emirates','Al Barsha 1','BAM','Dyan Baguio','Dubai','offline'),(93,'OT/24/040','OT','2024-08-27','Pius','Akhidenor',NULL,'A11241611','NA','NA','Nigerian','Bachelor in statistics','971 54 720 1695','971 54 752 1875','pius4top@yahoo.com','United Arab Emirates','al barsha 1','','Dyan Baguio','Dubai','offline'),(94,'OT/24/041','OT','2024-09-01','Premsi','PV','1976-11-02','U7687069','NA','784-1976-9541924-8','Indian','Diploma in Civil Engineering','971 54 252 4233','971 50 543 5020','pv.premsi@gmail.com','United Arab Emirates','Room 404, Dunes Village DIP 2','DX Brand, DIP 2','Dyan Baguio','Dubai','offline'),(95,'OT/24/042','OT','2024-09-01','Patrick Ojeyewi','Biachi',NULL,'NA','NA','984-1968-1929272-1','Nigerian','Advance Diploma','971 52 274 2781','971 55 565 7382','patrickbiachi@gmail.com','United Arab Emirates','GCC Accomodation Jebel ali','Business Haul','Dyan Baguio','Dubai','offline'),(96,'OT/24/043','OT','2024-09-02','Patricia Linduine','Ombononotue',NULL,'NA','NA','784-1990-0749642-7','Cameroonian','N/A','971 52 305 0644','N/A','Patricianotue10@gmail.com','United Arab Emirates','dubai','','Dyan Baguio','Dubai','offline'),(97,'OT/24/044','OT','2024-09-03','Mouhssine','Bouzine','1976-06-28','NA','NA','784-1976-3984385-9','Algeria','N/A','971 54 434 1012','N/A','Clio_Dubai@yahoo.com','United Arab Emirates','Deira','','Dyan Baguio','Dubai','offline'),(98,'OT/24/045','OT','2024-09-04','Jonathan Henri Joel','Mandeng','1980-04-04','A261668','NA','784-1980-5266403-7','Cameroonian','N/A','971-55 5119 440','971-718 4790','mandengjonathan@gmail.com','United Arab Emirates','Internet City Al Shaiba Work LLC','Cable Cure Electromichanical Work LLC','Dyan Baguio','Dubai','offline'),(99,'OT/24/046','OT','2024-09-23','Soumaya','Hirdjee','1990-11-22','22EK82279','NA','NA','French','Diploma','261 34 05 550 00','261 34 07 770 00','shirdjee@gmail.com','United Arab Emirates','Dubai','K Solutions','Dyan Baguio','Dubai','offline'),(100,'OT/24/047','OT','2024-09-28','Joaquim Antonio','Fernandes','1972-07-08','NA','NA','NA','N/A','Diploma','971 55 940 9727','N/A','jackferns@hotmail.com','United Arab Emirates','Dubai','Engineering','dyan','Dubai','offline'),(101,'OT/24/048','OT','2024-09-29','anil','kumar','1991-12-26','NA','NA','784-1991-4091691-6','Indian','Bachelor in Mechanical','971 52 120 5183','N/A','anilsvnp1179@gmail.com','United Arab Emirates','Muweilah Commercial Sharjah','Medemah','Dyan Baguio','Sharjah','offline'),(102,'OT/24/049','OT','2024-09-29','Nishin','Nizam','1990-01-03','NA','NA','NA','Indian','Bachelor in Technology','971 58 534 3210','N/A','nishinnizam@gmail.com','United Arab Emirates','Dubai','N/A','Dyan Baguio','Dubai','offline'),(103,'OT/24/050','OT','2024-09-30','Production- Haylar Metals Middle East','.','1978-10-04','P5449654B','NA','784-19784362535-7','Filipino','College Graduate','971 58 964 6442','N/A','alvarez_airs@gmail.com','United Arab Emirates','Discovery Garden','Production- Haylar Metals Middle East','Dyan Baguio','Dubai','offline'),(104,'OT/24/051','OT','2024-10-06','Dick','Johns','1991-01-20','NA','NA','NA','Indian','Bachelor in Technology','971 52 988 2088','N/A','johnsjohns9848@gmail.com','United Arab Emirates','Dubai','N/A','Dyan Baguio','Dubai','offline'),(105,'OT/24/052','OT','2024-10-08','Leonel Airwind B.','Sabugaa','1994-03-10','P9653634B','','784-1994-2969172-0','Filipino','master under grand','0504173086','0504173086','buganoleonelairwid@gmail.com','philippines','211 Pinnacle Sheikh Zayed Road, Al Barsha 1, Al barsha','Orbit Training Center','dyan','Dubai','offline'),(106,'OT/24/053','OT','2024-10-08','Leonel Airwind B.','Sabugaa','1994-03-10','P9653634B','','784-1994-2969172-0','Filipino','master under grand','0504173086','','buganoleonelairwid@gmail.com','philippines','211 Pinnacle Sheikh Zayed Road, Al Barsha 1, Al barsha','Orbit Training Center','dyan','Dubai','offline'),(107,'OT/24/054','OT','2024-10-09','Jazeerat Al Hadeed Metalic Cont Ind LLC','.','1997-08-24','NA','NA','784 1997 4960 8487','N/A','Bachelor in Mechanical Engineering','971 54 305 8357','N/A','sambhu@jahsteel.ae','United Arab Emirates','Dubai','jazeerat Al Hadeed Metalic Cont Ind LLC','Dyan Baguio','Dubai','offline'),(108,'OT/24/055','OT','2024-10-11','Kamran','Arshid','1999-11-09','GZ1916582','NA','784-1999-9687328','Pakistan','Civil Engineer','971 50 582 6567','N/A','kamranvac50@gmail.com','United Arab Emirates','Internet City ,Dubai','Ace Consultant','Dyan Baguio','Dubai','offline'),(110,'OT/24/056','OT','2024-10-15','Aisha','Al Memari','2005-07-06','CCRR82237','NA','784-200506038312','Emirati','Third Year Architecture','971 56 432 2666','971 54 553 5000','awashiix10@gmail.com','United Arab Emirates','al towaya Street 10','UAEU','Dyan Baguio','Al Ain','offline'),(111,'OT/24/057','OT','2024-10-16','Inamul','Hassan Sha','1994-09-20','Y2208740','NA','784- 1994 5233 8397','Indian','Bechelor in Mechanical Engineering','971 56 930 0192','971 56 677 3971','inamul.hassan@gantrex.com','United Arab Emirates','513, Pinnacle Building Al barsha 1','Gantrex Crane Rails Installation LLC','Dyan Baguio','Dubai','offline'),(112,'OT/24/058','OT','2024-10-18','Rijoy','Paloli','1989-12-13','NA','','784-1989-0470-3687','Indian','Senior High School Plus 12','971- 52 489 9755','N/A','rijoypi20@gmail.com','United Arab Emirates','Dubai','One10labs.com','Dyan Baguio','Dubai','offline'),(113,'OT/24/059','OT','2024-10-20','Adoum Barkai','Kelleimi','1997-05-24','RD9015762','NA','784-1997-5084-6876','CHAD','Bachelor','971 52 239 4265','N/A','adoumbarkai0@gmail.com','United Arab Emirates','Dubai','Duty Free','Dyan Baguio','Dubai','offline'),(114,'OT/24/060','OT','2024-10-21','Sandra','Kachel',NULL,'NA','NA','NA','Polish','Higher','971 58 577 7587','N/A','sandrakachel@icloud.com','United Arab Emirates','Dubai','Jumeirah Park District 6','Dyan Baguio','Dubai','offline'),(115,'OT/24/061','OT','2024-10-21','Mohammad','Ibrahim','1982-12-25','ASI021703','NA','784-1982-4291176-5','Pakistani','Commerce','971-50855-0351','971-50855-0351','m.ibrahimkhan@ymail.com','United Arab Emirates','Al khail Gate','Emtec','Dyan Baguio','Dubai','offline'),(116,'OT/24/062','OT','2024-10-21','Sadia','Habib','1991-12-11','NA','NA','NA','Pakistan','Bachelor in Architecture','0331 3190437','0300-3563199','Sadia.1191@yahoo.com','PAKISTAN','106, Falcon heights, North Nazimabad, Block N, Karachi','Obelish','Dyan Baguio','N/A','offline'),(117,'OT/24/063','OT','2024-10-22','Nilo','Pantig Jr.','1974-12-23','P8144216A','','784-1979-6276460-7','Filipino','BS Commerce','0507088060','','nilo@firemacgult.com','United Arab Emirates','Jumeriah Bay X3, JLT','Fire Mac Gulf DMCC','Carolina Agulto','Dubai','offline'),(120,'OT/24/064','OT','2024-07-06','Daniel Joshua','Obillo','2002-05-11','P9267381B','NA','NA','Filipino','Bachelor in Mechanical','971 58 561 1974','N/A','DANIELJOSHUA@gmail.com','United Arab Emirates','dubai','N/A','admin','Dubai','offline'),(121,'OT/24/065','OT','2024-07-08','Daniel Joshua','Obillo','2002-05-11','P9267381B','NA','NA','Filipino','Bachelor in Mechanical','971 58 561 1974','N/A','DANIELJOSHUA@gmail.com','United Arab Emirates','dubai','N/A','Dyan Baguio','Dubai','offline'),(122,'OT/24/066','OT','2024-10-22','Shiyas','Hamza','1991-03-17','NA','NA','NA','Indian','Bachelor in Mechanical','971 50 365 2562','N/A','shiyashamza91@gmail.com','United Arab Emirates','Dubai','N/A','Dyan Baguio','dubai','offline'),(124,'OT/24/067','OT','2024-10-27','Aimen Sejad','U din','2007-09-07','BQ1202823','NA','784-2007-1054727-2','Pakistan','High School/ Student','971 50 506 9660','971 56 666 2245','sejad.uddin@gmail.com','United Arab Emirates','DUBAI','PEA','Dyan Baguio','Dubai','offline'),(125,'OT/24/068','OT','2024-10-29','Radhika','Arya',NULL,'S1155103','NA','784-1999-4701240-9','India','Student','91-74619-98853','971 56 290 7846','vigradhika33@gmail.com','United Arab Emirates','Dubai','','Dyan Baguio','Dubai','offline'),(126,'OT/24/069','OT','2024-10-26','Christine','Namakoye','1987-05-23','NA','NA','784-1987-7074325-4','Uganda','Diploma in Hotel Management','971-52-702-6260','N/A','Christinenamakoye.36@gmail.com','United Arab Emirates','Jebel Ali','EFS Facilities Limited','Dyan Baguio','Dubai','offline'),(127,'OT/24/070','OT','2024-10-29','Mandeep','Singh',NULL,'NA','NA','NA','Indian','Bachelor in Technology','971-52-742-8977','N/A','Msdhesi9999@gmail.com','United Arab Emirates','Green Community DIP','Farmer SErvices','Dyan Baguio','Dubai','offline'),(128,'OT/24/071','OT','2024-10-29','Chiara','Porc',NULL,'NA','NA','784-1990-8062097-1','Italian','Post Graduate','971 58 550 2270','N/A','chiara_porc.design@gmail.com','United Arab Emirates','Marina Crown','Interspace','Dyan Baguio','Dubai','offline'),(129,'OT/24/072','OT','2024-05-09','Lady Jane','Cabudol','1996-10-20','P4821154B','NA','NA','Filipino','Bachelor in Architecture','971 56 231 0923','N/A','Ladyjane123@gmail.com','United Arab Emirates','dubai','N/A','Dyan Baguio','Dubai','offline'),(130,'OT/24/073','OT','2024-10-31','Tariq','Aziz','1994-10-20','NA','NA','784-1994-8051267-4','Pakistan','Civil Engineer','971-52 862-4789','N/A','tariqaziz.sardar@gmail.com','United Arab Emirates','DIP 2','','Dyan Baguio','Dubai','offline'),(131,'OT/24/074','OT','2024-10-31','Ala Kasaam','.','1994-10-05','NA','NA','NA','Syrian','Bachelor in Architecture','971- 56 408 6655','N/A','alaakassam997@gmail.com','United Arab Emirates','Mirdip','N/A','Dyan Baguio','Dubai','offline'),(132,'OT/24/075','OT','2024-11-04','Ahmed Raafat','Gaber',NULL,'NA','NA','784-1999-3011920-3','Eggyptian','Bachelor in Accountant','971- 52-784-1908','N/A','ahmed.raaft250@gmail.com','United Arab Emirates','Al Barsha 1','Capola','Dyan Baguio','Dubai','offline'),(133,'OT/24/076','OT','2024-11-05','Marc Anthony','Dolendo','1991-08-19','P7162932A','NA','784-1991-23634500-7','Filipino','Mechanical Engineer','971 56 423 3523','971 56 318 8471','marc.dolendo@gmail.com','United Arab Emirates','Al Shaiba Tower D internet city','PhoenicianTechnical Services','Dyan Baguio','Dubai','offline'),(134,'OC/24/005','OC','2024-11-05','','',NULL,'','','','','','','','','United Arab Emirates','','','admin','','offline'),(135,'OT/24/077','OT','2024-11-05','Alliah Kimberly','Feliciano','1999-10-14','P1549858B','NA','NA','Filipino','electrical Engineer','971 58 657 8427','N/A','alliahkimberlyvfeliciano@gmail.com','United Arab Emirates','Flat 313, Gray Building. Al Barsha 1, Dbai, UAE','Duphill TechnicalSolutionsLLC','Dyan Baguio','Dubai','offline'),(136,'OT/24/078','OT','2024-11-05','Hamza','Nazir','1995-07-30','JQ9822482','NA','784-1995-8288272-8','Pakistani','Bachelor in Electronic engineering','971 50 646 1819','971 50 646 1819','Hamza.nazirTechnoengineering@gmail.com','United Arab Emirates','Plot S10206, South Zone, Jebel Ali Jafza','International Islamic University','admin','Dubai','offline'),(137,'OT/24/079','OT','2024-11-05','Hamza','Nazir','1995-07-30','JQ9822482','NA','784-1995-8288272-8','Pakistani','Bachelor in Electronic engineering','971 50 646 1819','971 50 646 1819','Hamza.nazirTechnoengineering@gmail.com','United Arab Emirates','Plot S10206, South Zone, Jebel Ali Jafza','International Islamic University','admin','Dubai','offline'),(138,'OT/24/080','OT','2024-11-12','Noreen','Lacayanga','1993-11-27','P1352221C','784199339141733','784-1993-3914173-3','Filipino','College Graduate','971 544461936','971 589040103','nclacayanga@gmail.com','United Arab Emirates','Industrial 2, Ajman, UAE','Ultimate HardwareSolutionsLLC','Dyan Baguio','Ajman','online'),(139,'OT/24/081','OT','2024-11-14','Maalakji Akkawi','Khairia','1996-03-17','LR3534804','145899147','784-1996-9614353-8','Lebanese','','0553184888','','youssefdanab@gmail.com','United Arab Emirates','','','Carolina Agulto','Dubai','offline'),(140,'OT/24/082','OT','2024-11-08','Vasillious','Kladakis','1996-11-21','NA','784-1996-8156560-8','784-1996-8156560-8','Greek','MBA','971 52 136 1256','N/A','vassilios-Kladakis@hotmail.com','United Arab Emirates','Al Barsha 1','','Dyan Baguio','Dubai','offline'),(141,'OT/24/083','OT','2024-11-15','Angus','Reego',NULL,'S1989093','784-1996-8642392-4','784-1996-8642392-4','Indian','Bachelor in E.C.E','971-52-151-5040','971-58-170-2430','reegoangus@gmail.com','United Arab Emirates','Deira, AL Muteena','BMTS','Dyan Baguio','Dubai','offline'),(142,'OT/24/084','OT','2024-11-15','Gayathry','K N','1992-09-23','U7373686','C05063090202120','784-1992-3901535-9','Indian','Master degree in Electrical & Electronics engineering','97124431007','97124431007','gayathry@vectortrainingcenter.ae','United Arab Emirates','plot no 384 Near workers city 1 Al Mafraq, Abu Dhabi','Vector trainingcenterllc','Dyan Baguio','Abu dhabi','offline'),(143,'OT/24/085','OT','2024-11-16','Layla Eldirdisi Gaffar','Osman','1988-10-11','P11808204','784-1988-4313-3939','784-1988-4313-3939','Sudanese','Bachelor','971- 52-911-8898','971-58-561-6917','layla44@gmail.com','United Arab Emirates','warsan 4, Dubai','university in khatoum','Dyan Baguio','Dubai','offline'),(144,'OT/24/086','OT','2024-11-16','Farheen','Shanawaz','1985-04-25','','48292994','784-1985-7548307-2','United Kingdom','','0582232334','','feenshah@gmail.com','United Arab Emirates','','','Carolina Agulto','Dubai','offline'),(145,'OT/24/087','OT','2024-11-20','Pavani','Mehta','1994-04-01','N/A','N/A','N/A','India','MA Interior Design','0502442767','050881408','pavani.mehta000@gmail.com','United Arab Emirates','Dubai Marina','Wonderwall Interiors','Dyan E. Baguio','Dubai','offline'),(146,'OT/24/088','OT','2024-11-22','Ahmed','Tarek','1985-01-09','A30878015','n/A','N/A','Egypt','Bachelor degree of pharmaceutical science','0566116663','0556859631','ahmedtarek201300@hotmail.com','United Arab Emirates','Dubai Marina,','N/A','Dyan Baguio','Dubai','online'),(147,'OT/24/089','OT','2024-11-23','Ariya','Pusushothaman','1998-05-13','N/A','N/A','784-1998-8160624-0','Indian','Bachelor in Accountancy','971 56 870 2294','971 55 981 0952','ariyapususho2020@gmail.com','United Arab Emirates','Karama, Dubai','Fouis Fuller International Accounts','dyan','d','offline'),(149,'OT/24/090','OT','2024-11-23','Hashmukh','Tarbuivdiya','1983-10-02','T9243297','NA','784 1983 9406517 t','Indian','Diploma Electrical Engineer','971 55 782 9028','N/A','tarbundiya.hasmukh@gmail.com','United Arab Emirates','Dubai','PSE CONTRACTING','dyan','Dubai','offline'),(150,'OT/24/091','OT','2024-11-23','Hashmukh','Tarbuivdiya','1983-10-02','T9243297','NA','784 1983 9406517 t','Indian','Diploma Electrical Engineer','971 55 782 9028','N/A','tarbundiya.hasmukh@gmail.com','United Arab Emirates','Dubai','PSE CONTRACTING','dyan','Dubai','offline'),(151,'OT/24/092','OT','2024-11-23','Carlo','Miranda','1988-11-21','P6980231B','N/A','784 1988 7985204 8','Filipino','Bachelor in architecture','971  52 968 2006','971 52 968 2006','charlesrandof@gmail.com','United Arab Emirates','Discovery Garden','Altavia OdG','dyan','Dubai','offline'),(152,'OT/24/093','OT','2024-11-23','Carlo','Miranda','1988-11-21','P6980231B','N/A','784 1988 7985204 8','Filipino','Bachelor in architecture','971  52 968 2006','971 52 968 2006','charlesrandof@gmail.com','United Arab Emirates','Discovery Garden','Altavia OdG','dyan','Dubai','offline'),(153,'OT/24/094','OT','2024-11-16','Nehla','Rahman','1997-09-08','U2029632','NA','784 1997 4523641 6','Indian','Bachelor in civil engineer','971 55 662 7031','971  55 696 3426','nehlarahman97@gmail.com','United Arab Emirates','Wasl Pearl Al karama','K2E','dyan','Dubai','offline'),(154,'OT/24/095','OT','2024-11-23','Mohamed Shafi','Palliyalk Melethil','1986-11-17','Na','Na','784 1986 6196581 8','India','K2','971 56 946 7644','Na','mohamedshafi@gmail.com','United Arab Emirates','Deira, Al muteena','Jak trading','dyan','Dubai','offline'),(155,'OT/24/096','OT','2024-11-23','Mohamed Shafi','Palliyalk Melethil','1986-11-17','Na','Na','784 1986 6196581 8','India','K2','971 56 946 7644','Na','mohamedshafi@gmail.com','United Arab Emirates','Deira, Al muteena','Jak trading','dyan','Dubai','offline'),(156,'OT/24/097','OT','2024-11-15','Angus','Reego','1996-07-01','S1989093','Na','784 1996 8642392 4','Indian','Bachelor in ECE','971 52 151 5040','Na','reegoangus@gmail.com','United Arab Emirates','Deira Al muteena','','dyan','Dubai','offline'),(157,'OT/24/098','OT','2024-11-24','Rekha','Rani',NULL,'R2349246','NA','784-1972-2637509-1','Indian','Bachelor in DS','971 55 540 8165','971 56 971 2424','krekharani99@gmail.com','United Arab Emirates','102, Al sarraf REsidence Al Qusais','N/A','Dyan Baguio','Dubai','offline'),(158,'OT/24/099','OT','2024-11-18','Marco Paolo','Maligat','1988-07-16','p952713AA','NA','784-1988-3539509-0','Filipino','Bachelor in Architecture','971 56 403 0772','971 56 805 5020','Marco.maligat@ochrebrand.com','United Arab Emirates','Mazaya 5, Liwan','Ochre Marketing Management LLC','Dyan Baguio','Dubai','offline'),(159,'OT/24/100','OT','2024-11-18','Jerome','Biason','1983-11-17','P518108B','NA','784-1983-1046180-8','Filipino','College Graduate','971-52 723 5666','N/A','jerome.biason@ochrebrand.com','United Arab Emirates','Deira Muraqqabat, Dubai','Ochre Marketing Management LLC','Dyan Baguio','Dubai','offline'),(160,'OT/24/101','OT','2024-01-05','Ammar Adil','Azeez','2012-10-13','na','na','784-2012-6548376-4','Indian','Student','na','na','amaaradil@gmail.com','united arab emirates','dubai','na','admin','dubai','offline'),(161,'OT/24/102','OT','2024-11-27','QAREENA','ASIM','2006-07-21','V6449626','N/A','784-2006-8103863-2','Indian','Student','0506308976','050 556 7219','qareena2006721@gmail.com','United Arab Emirates','JBR, Murjan 4','De Montfort University Dubai','Dyan E. Baguio','Dubai','offline'),(162,'OT/24/103','OT','2024-11-27','Ragda Sahr','Shamsher','2006-04-11','Z7963104','N/A','784-2006-9906142-8','Indian','','0505567219','0555229081','ragdasahar@gmail.com','United Arab Emirates','JBR, Murjan 4','De Montfort University Dubai','Dyan E. Baguio','Dubai','offline'),(163,'OT/24/104','OT','2024-11-30','Balan','Thiyyan','1975-04-27','n/a','784-1975-7109049-3','n/a','Indian','SSLC','0505354536','n/a','balan.balan18@gmail.com','United Arab Emirates','','n/A','carol','Dubai','offline'),(164,'OT/24/105','OT','2024-12-01','Saqib','Mauzahmed Shaikh','1992-11-22','X9281267','N/A','784 1992 17964107','India','Bachelor in Electrical','971 58 904 7105','N/A','saqibshaikh733@gmail.com','United Arab Emirates','Dubai','Ejadah Asset Management','Carol','Dubai','offline'),(165,'OT/24/106','OT','2024-12-01','Rajesh','Singari','2001-01-23','N/A','N/A','784-2001-5968307-5','Indian','Bachelor in Technology ( Civil engineer)','971 50 893 0637','N/A','Rajeshsingari123@gmail.com','United Arab Emirates','Al Khail Gate Dubai','Al Holy Stanger Laboratory','Dyan E. Baguio','Dubai','offline'),(166,'OT/24/107','OT','2024-12-01','Maria Violeta','Dayo','1991-07-22','P498645B','N/A','784-19913292783-3','Filipino','Bachelor in Business Administration','971 52 690 3932','N/A','mariavioletadayo@gmail.com','United Arab Emirates','Dubai','High School Graduate','Dyan E. Baguio','Dubai','offline'),(167,'OT/24/108','OT','2024-11-25','MD','Manirulaman','1991-04-10','C3044228','N/A','784-1991-1350392-6','Indian','Bachelor in Technology','971 52 652 1284','N/A','Mdmaniruzzaman91@gmail.com','United Arab Emirates','Sharjah, muwaileh, AUE','Euro System LLC','Dyan E. Baguio','Dubai','offline'),(168,'OT/24/109','OT','2024-12-06','Mohammed','Shafi','1986-11-17','N/A','N/A','784-1988-6196581-8','Indian','High School','971 56 946 7644','971 55 223 1190','mohammedshafipm@yahoo.com','United Arab Emirates','Deira, Dubai','Jak Trading LLC','Dyan E. Baguio','Dubai','offline'),(169,'OT/24/110','OT','2024-12-08','Sajandeep','Singh','2000-09-27','V5988620','N/A','784-2000-7989133-7','Indian','Diploma','971 52 237 2287','N/A','Deepuae0@gmail.com','United Arab Emirates','Dubai','United Security Group LLC','Dyan E. Baguio','Dubai','offline'),(170,'OT/24/111','OT','2024-11-27','ahlam','.','1994-01-12','N/A','N/A','N/A','Europian','Bachelor','971 50440 2500','N/A','ahlam@gmail.com','United Arab Emirates','Dubai','n/a','Dyan E. Baguio','dubai','offline'),(171,'OT/24/112','OT','2024-12-07','Daylen','Dwyer','2007-10-01','140609as4','','','British','Bachelor of Arts','+971 585882408','','daylendwyer187@cloud.com','United Arab Emirates','Dubai','','Shiny','Dubai','offline'),(172,'OT/24/113','OT','2023-11-11','Muhammed Saad','Yargatti','1991-05-23','N/A','N/A','N/A','Indian','BACHELOR DEGREE','971 55 742 9459','N/A','mohammadsaad@yahoo.com','United Arab Emirates','Dubai','n/a','dyan','Dubai','offline'),(173,'OT/24/114','OT','2023-11-10','Muhammed Saad','Yargatti','1991-10-12','n/a','n/a','n/a','india','Bachelor','+971 585882408','na','Saad@yahoo.com','United Arab Emirates','dubai','','admin','Dubai','offline'),(174,'OT/24/115','OT','2024-11-10','Muhmmed Saad','Yargatti','1991-10-12','n/a','n/a','n/a','india','Bachelor','+971 585882408','na','Saad@yahoo.com','United Arab Emirates','Dubai','na','admin','Dubai','offline'),(175,'OT/24/116','OT','2024-09-07','Althar','Ashraf','1976-04-10','T1699924','N/A','784 1976 2753798-4','India','Bachelor in Business Administration','971 50 296 8605','042 345 810','altha786@gmail.com','United Arab Emirates','Muweinah 4 Dubai','Omniyat','Dyan','Dubai','offline'),(176,'OT/24/117','OT','2024-09-21','Jineesh Vadissery','Paranibil','1983-05-25','P9053421','N/A','784- 1983- 2773996-1','India','Bachelor Technical,','971 56 523 7454','N/A','jineeshpdr@gmail.com','United Arab Emirates','Dubai','','dyan','Dubai','offline'),(177,'OT/24/118','OT','2024-09-15','Hasniya','Lubaba',NULL,'B7388423','N/A','784-2000-3478138-3','India','Bachelor in Architecture','971 56 721 8656','N/A','tomlp7467@gmail.com','United Arab Emirates','124, 24D Al Rashidiya','Creative Roofs','dyan','Dubai','offline'),(178,'OT/24/119','OT','2024-08-05','Valerie Anne','Sadiasa',NULL,'12345678','12345678','12345676','Filipino','Bachelor in Interior Design','971 55 217 3882','N/A','vallerie_sadiasa@yahoo.com','United Arab Emirates','Discovery Garden','','dyan','Dubai','offline'),(179,'OT/24/120','OT','2024-12-03','Toufeeq','PT',NULL,'N/A','N/A','784-1997-4833000-7','India','Diploma In Mechanical','971 50 278 1602','N/A','Thoufeeqpt2397@gmail.com','United Arab Emirates','DIP 2, Dubai UAE','Sales','dyan','Dubai','offline'),(180,'OT/24/121','OT','2024-12-08','Jinu','Nasamony','1985-06-04','N9135273','N/A','784-1985-6279876-3','India','Diploma in Civil Engineer','971 52 244 9326','N/A','jinu2020@gmail.com','United Arab Emirates','Flat 402, Khalif Al Forgah, Ajman','Proscape LLC','dyan','Ajman','offline'),(181,'OT/24/122','OT','2024-12-08','Manesh','.','1984-03-22','N/A','N/A','784-1984-8069627-1','India','Diploma','971 56 738 4885','N/A','manesh@gmail.com','United Arab Emirates','International City','Proscape LLC','dyan','Dubai','offline'),(185,'OT/24/124','OT','2024-12-10','Joelyn','Dela Cruz Castro','1990-12-13','n/a','n/a','n/a','Filipino','BS Commerce','0507088060','n/a','chathuri.orbit@gmail.com','United Arab Emirates','dubai','','admin','Dubai','offline'),(186,'OT/24/125','OT','2024-09-03','Aniruddha','Murkar','1999-01-20','V6760506','n/a','784-1999-6444775-1','Indian','MSc Construction','+971524518040','n/a','aniruddhamurkar1999@gmail.com','United Arab Emirates','Barsha Heights, Tecom','Heriot Watt University Dubai','admin','Dubai','offline'),(187,'OT/24/126','OT','2024-09-05','Jayric','Plenos','1991-12-04','P4822204B','n/a','784-1991-7133577-3','Filipino','BS in Electrical','0553751875','n/a','cirij91@yahoo.com','United Arab Emirates','JAPS, BSQ, Blk A, room 446, Jebel Ali 2,','DEWA','admin','Dubai','offline'),(188,'OT/24/127','OT','2024-12-14','Manu','Mohanan Baby','1987-06-05','n/a','n/a','784-1987-9065182-8','Indian','BA Degree','0567624613','056724613','manu.3dmax@gmail.com','United Arab Emirates','barsha view building','','Carolina','Dubai','offline'),(189,'OT/24/128','OT','2024-12-15','Tarek','Khayata','1982-07-08','N/A','N/A','784-1482-1848042-8','Syrian','Degree Holder','971- 50 688-3342','971- 50-634-7113','tarek.Khayata@gmail.com','United Arab Emirates','Business Bay','M.A.F','Dyan E. Baguio','Dubai','offline'),(193,'OT/24/129','OT','2023-12-11','Joeylyn Dela Cruz','Castro','1996-12-24','N/A','N/A','N/A','Filipino','BACHELOR DEGREE','0526903932','','mariavioletadayo@gmail.com','United Arab Emirates','Dubai','High School Graduate','admin','Dubai','offline'),(194,'OT/24/130','OT','2023-12-11','Joeylyn','Dela Cruz Castro','1995-02-12','N/A','N/A','N/A','Filipino','BACHELOR DEGREE','0526903932','','mariavioletadayo@gmail.com','United Arab Emirates','Dubai','High School Graduate','admin','Dubai','offline'),(195,'OT/24/131','OT','2023-12-10','Joeylyn','Dela Cruz Castro','1990-12-25','n/a','n/a','n/a','filipino','Bachelor','+971 585882408','na','Saad@yahoo.com','United Arab Emirates','dubai','na','admin','Dubai','offline'),(196,'OT/24/132','OT','2023-12-11','Joeylyn','Dela Cruz Castro','1990-12-22','n/a','n/a','n/a','filipino','Bachelor','+971 585882408','na','Saad@yahoo.com','United Arab Emirates','dubai','na','admin','Dubai','offline'),(197,'OT/24/133','OT','2024-12-16','Jorick Joy','De Castro','1991-02-13','P7520926A','n/A','784-1992-11020898','aaaaa','Bachelor in Information Technology','971 50 214 5379','971 50 959 4921','Jorickjoydecastro@gmail.com','United Arab Emirates','Al Rigga','n/a','Dyan Baguio','Dubai','offline'),(198,'OT/24/134','OT','2024-12-17','Bahi','Kamel','1983-02-01','20DE89445','N/A','784-1983-77118470','France','BA Degree','0522960679','n/a','kamelbahi@icloud.com','United Arab Emirates','','n/A','Carolina','Dubai','offline'),(199,'OT/24/135','OT','2024-12-18','Naresh','Janardan Yenagandula','1985-05-05','N2479694','','784198505761688','India','B.com','+971556080021','+971566611770','nareshjanardhan@gmail.com','United Arab Emirates','402B, Al Azizia Bld, Al wadah st','World Guruji Education and Training Computer software LLC','Shiny','Sharjah','offline'),(200,'OT/24/136','OT','2024-12-24','Mohamed','Riyaz','1984-09-14','Z5440145','NA','784-198403509759','Indian','Degree','971 52-774-5029','971-52-725-6637','riyaz4me@gmail.com','United Arab Emirates','Al Qusais 5, Wasl village, G-47, 103','PCDO','Dyan Baguio','Dubai','offline'),(201,'OT/24/137','OT','2024-12-24','Omar Ahmed','Mohamed','1998-09-26','A30064403','N/A','N/A','Egyptian','Bachelor Degree','971 55 929 7176','N/A','ahmedomar@gmail.com','United Arab Emirates','Dubai','','Dyan E. Baguio','dubai','offline'),(202,'OT/24/138','OT','2024-12-24','Mohammed','Jamiu','1995-08-09','B00864829','NA','784-1995-7491903-3','Nigeria','Bachelor in Degree','971 55 727 5210','N/A','mohammedwaju@gmail.com','United Arab Emirates','Jumierah 2 Dubai','','Dyan Baguio','Dubai','offline'),(203,'OT/24/139','OT','2024-12-22','Imran','Arshad','1996-06-30','De1917672','NA','784-1996-2715931-6','Pakistan','Diploma in Civil Engineering','971 52 390 8858','971 56 582 4567','dc.imran@hotmail.com','United Arab Emirates','Bur Dubai','Dewan','Dyan Baguio','Dubai','offline'),(204,'OT/24/140','OT','2024-12-28','Taqui Ahmed Baig','Mirza','1992-04-28','X2818247','','784199226806042','Indian','Graduation','0547141858','0588500864','sbaig49@gmail.com','United Arab Emirates','International city, Italy cluster','Ginco Electromechanical LLC','dyan','Dubai','online'),(206,'OT/24/142','OT','2024-12-30','Samanta','Akofor','1994-12-14','AA227813','Na','784199405984925','Cameroon','Na','0554098693','Na','afokorsamantha@gmail.com','United Arab Emirates','JLT Dubai United arab emirates','Telefordoffshore','dyan','Dubai','offline'),(207,'OT/25/001','OT','2025-01-04','Mark Romelson','Perez','1994-04-17','Na','Na','784-1994-1375265-2','Filipino','Bachelor','0563188471','','markromelson.perez@gmail.com','Philippines','Dubai','','dyan','Dubai','offline'),(208,'OT/25/002','OT','2025-01-04','Rexon','Septimo','1991-10-03','P3324852C','Na','784-1991-6185633-3','Philippines','Bachelor Degree','0551884174','Na','septimorexon@gmail.com','United Arab Emirates','Flat 503 MQB 4 Bldg. Al Murraqabat','Phoenician Technical Services LLC','dyan','Dubai','offline'),(209,'OT/25/003','OT','2025-01-06','Abdulrehaman','Zahid mehmood','1992-10-03','GL9156663','784199209269317','784 199209269317','Pakistan','Intermediate','00971586003318','00971562806681','abdulrehamanzahid@gmail.com','United Arab Emirates','7even buildings block b Dip 1 Dubai','Moonplus furniture manufacturing LLC','dyan','Dubai','offline'),(210,'OT/25/004','OT','2025-01-29','Floyd','Tanan','1982-10-28','P8212528A','N/A','784-1982-4139376-2','Filipino','Civil Engineering','971 52 124 0739','971 52 554 3861','floyd.tanan@gmail.com','United Arab Emirates','Al Barsha 1 Dubai','western Institute Of Technology','Dyan E. Baguio','Dubai','offline'),(211,'OT/25/005','OT','2025-01-06','Geraldine','Calubong','1983-05-28','P8384276B','N/A','784-19837473968-2','Filipino','computer hardware technology','0565986494','0565986494','geralddcalubong@gmail.com','United Arab Emirates','al barsha dubai','','Dyan E. Baguio','Dubai','offline'),(212,'OT/25/006','OT','2025-01-06','Glenn','Ladrillo','1972-06-17','P6274659C','','','Filipino','','0556003674','','glenn.ladrillo@henkel.com','UAE','','Henkel','dyan','Dubai','offline'),(213,'OT/25/007','OT','2025-01-09','Qareena','Asim','2006-07-21','V6449626','','784200681038632','Indian','Bachelors degree','0506308976','','qareena2006721@gmail.com','Uae','Jbr murjan 4','De Montfort university Dubai','dyan','Dubai','offline'),(214,'OT/25/008','OT','2025-01-09','Ragda Sahr','Shamsher','2006-11-04','Z7963104','','784200699061428','Indian','Bachelor Degree','0505567219','0555229081','ragdasahar@gmail.com','UAE','Murjan 4, JBR, Dubai','De Montfort university Dubai','dyan','Dubai','offline'),(215,'OT/25/009','OT','2025-01-09','Ragda Sahr','Shamsher','2006-11-04','Z7963104','','784200699061428','Indian','Bachelor Degree','0505567219','0555229081','ragdasahar@gmail.com','UAE','Murjan 4, JBR, Dubai','De Montfort university Dubai','dyan','Dubai','offline'),(216,'OT/25/010','OT','2025-01-10','Gaelle','Feudjio Tatang','1991-08-23','Na','Na','784-1991-5870253-2','Cameroon','Bachelor','0586961375','Na','gaelletatang73@gmail.com','Cameroon','Business bay','University of Bamenda','dyan','Dubai','offline'),(217,'OT/25/011','OT','2024-09-09','Aml','Alatwani','1990-01-20','N/A','N/A','N/A','Syrian','Bachelor Degree','971 54 54 2123','N/A','amlalatwani90@gmail.com','United Arab Emirates','Dubai United Arab Emirates','N/A','Dyan E. Baguio','Dubai','offline'),(218,'OT/25/012','OT','2025-01-12','MUBARAKALI','Tharammal','1997-07-12','S0272570','','7841997677571','India','BBA','0554424536','','bapubapz@gmail.com','Uae','','','dyan','Dubai','offline'),(219,'OT/25/013','OT','2025-01-12','JASEEM','Armani chola','1992-10-14','','','784199219631969','Indian','Bachelor in electrical and electronics engineering','0568243578','','acjaseem@gmail.com','United Arab Emirates','Dsseldorf business point \r\nAl Barsha 1','AMEP Contracting LLC','dyan','Dubai','offline'),(220,'OT/25/014','OT','2025-01-12','Mansi','Rawat',NULL,'N/A','N/A','N/A','Indian','Graduation','971 58 530 1923','971 54 569 7055','9723.mannu@gmail.com','United Arab Emirates','Insurance Market metro Al gahn Building Dubai United arab Emirates','na','Dyan E. Baguio','Dubai','offline'),(221,'OT/25/015','OT','2025-01-13','Sana','Al Khamissi','1989-04-11','NVPDKDJH7','N/A','784 1989 21724765','Dutch','','0508197545','N/A','sana@educationdesign.com','United Arab Emirates','Binghatti Emerald JVC','','Dyan E. Baguio','Dubai','offline'),(222,'OT/25/016','OT','2024-06-01','Ahmed Raafat','Gaber','1990-12-04','A29680301','na','784-1997-60714620','Egyptian','Bachelor Degree','0526903932','N/A','ahmed.raaft@gmail.com','United Arab Emirates','Dubai','High School Graduate','admin','Dubai','offline'),(223,'OT/25/017','OT','2024-01-06','Mayank','Bansal',NULL,'S4725673','N/A','N/A','Indian','Civil Engineering','971 55 929 7176','N/A','MAYANKBANSAL@GMAIL.COM','United Arab Emirates','dubai','N/A','admin','Dubai','offline'),(224,'OT/25/018','OT','2024-01-06','Mayank','Bansal','2000-05-12','S4725673','N/A','N/A','Indian','Bachelor Degree','971 55 929 7176','N/A','Mayankbansal@gmail.com','united arab emirates','dubai','','Dyan E. Baguio','Dubai','offline'),(225,'OT/25/019','OT','2025-01-20','Ramzy','Alsaygh','1996-01-15','N 016649261','N/A','784-1996-6880924-9','Syrian','Bachelor Degree','971565775369','971565775369','ramzyalsaygh@gmail.com','United Arab Emirates','Deira','Damascus University','Dyan E. Baguio','Dubai','online'),(226,'OT/25/020','OT','2025-01-18','Jean Leadoux','Yemdjo','1989-06-13','N/A','N/A','786-1989-1838090-2','Cameroon','Diploma','971 52 213 7669','971 52 858 8624','yemdjojean@gmail.com','United Arab Emirates','Al Quos Dubai United Arab Emirates','Prestage Stone','Dyan E. Baguio','Dubai','offline'),(227,'OT/25/021','OT','2025-01-17','khamarodhean','.','1991-10-18','N/A','N/A','N/A','Indian','MBA','971 52 875 0993','N/A','kamaradin@hotmail.com','United Arab Emirates','dubai','glite','Dyan E. Baguio','Al quoz','offline'),(228,'OT/25/022','OT','2025-01-19','Janice','Manalo','1993-08-31','N/A','N/A','784-1993-8061995-9','Filipino','Bachelor Degree','971 627 9656','N/A','jacomanalo201@gmail.com','United Arab Emirates','2 Residence , Al Satwa','','Dyan E. Baguio','Dubai','offline'),(229,'OT/25/023','OT','2025-01-21','Janai','Milanbekova','2002-05-28','AC3734026','N/A','784-2002-7791873-4','kAZGYZSTAN','Bachelor Degree','971 54 381 2539','N/A','Janailupen@gmail.com','United Arab Emirates','21st Century tower DIFC','na','Dyan E. Baguio','Dubai','offline'),(230,'OT/25/024','OT','2025-01-22','Nour Elsiddig','Gabir Eltahir',NULL,'P12880286','N/A','784-2001-3002497-4','sudanese','Bachelor in Chemical engineering','971 50 668 5817','971 50 303 6750','nourelsiddiq306@gmail.com','Al Nuaimia','Ajman Dubai','na','Dyan E. Baguio','Ajman','offline'),(231,'OT/25/025','OT','2025-01-22','Carl','Potot','1986-06-13','P6581474B','N/A','784-1986-392-4046-8','Filipino','highschool','0525799668','N/A','carlmp0613@gmail.com','United Arab Emirates','Dubai','','Dyan E. Baguio','Dubai','offline'),(233,'OT/25/027','OT','2024-10-21','Muhammad','Ibrahim','1985-12-25','ASI021703','N/A','784-1982-4291176-5','Pakistani','Commerce','971-50855-0351','971-50855-0351','m.ibrahimkhan@ymail.com','United Arab Emirates','Al khail Gate','na','admin','Dubai','offline'),(234,'OT/25/028','OT','2024-08-21','Mahmoud','Khalil Kleit','1983-12-23','','784198390952293','784198390952293','lebanon','Computer Science','569817743','','mahmoudfr202@gmail.com','United Arab Emirates','Furjan Stars by Danube tower 1, Dubai','','admin','Dubai','offline'),(235,'OT/25/029','OT','2025-01-30','Anagh','Prasad','2003-07-23','N/A','N/A','784-2003-9751959-4','Indian','Bachelor in Animation','971 58 582 3703','N/A','anaghP21@gmail.com','United Arab Emirates','Discovery Garden','SAE University College','Dyan E. Baguio','Dubai','offline'),(236,'OT/25/030','OT','2025-01-28','Farzen','Ahemed',NULL,'N/A','N/A','N/A','Indian','Bachelor in Mechanical Technology','971 50 556 2741','N/A','ferzeenahemed101@gmail.com','United Arab Emirates','Dubai , United Arab Emirates','na','Dyan E. Baguio','Dubai','offline'),(237,'OT/25/031','OT','2025-01-28','Mannan','Kapasi','1968-05-02','N/A','N/A','N/A','Indian','Bachelor Degree','971 50 749 5119','N/A','kapasimannan@hotmail.com','United Arab Emirates','PO BOX 16798','NA','Dyan E. Baguio','Dubai','offline'),(238,'OT/25/032','OT','2025-01-25','Samaher','Elsayed','1999-01-10','A27571017','N/A','784-1999-82464-952','Egyptian','Bachelor of Architecture','971 52 216 1685','N/A','SABOUAUF@OBMI.COM','United Arab Emirates','Sheikh Zayed Road White crawn Tower','OBMI','Dyan E. Baguio','Dubai','offline'),(239,'OT/25/033','OT','2025-02-03','Olesya','Stadnik','1983-07-21','550531284','N/A','784-1983-3051071-4','Russian','Bachelors','971 50 836 1752','971 50 836 1752','olesya_stadnik@yahoo.com','United Arab Emirates','504 Mudon Views','JETEX','Dyan E. Baguio','Dubai','online'),(240,'OT/25/034','OT','2025-02-05','Mahmoud','.','1999-09-04','N/A','N/A','784-1999-7372708-6','India','Bachelor in Architecture','971 50 438 2218','91 77366 82218','mail.pmahmoud2218@gmail.com','United Arab Emirates','Karama, Dubai','Altaf','Dyan E. Baguio','Dubai','offline'),(241,'OT/25/035','OT','2025-02-05','Ciara Angela','Alcaide',NULL,'P9840574B','N/A','784-2000-5662771-2','Filipino','Bachelor in Marketing Management','971 56 819 8099','N/A','alcaideciaraangela@gmail.com','United Arab Emirates','Al Jafliya, Dubai United Arab Emirates','Future Match HRC','Dyan E. Baguio','Dubai','offline'),(242,'OT/25/036','OT','2025-02-08','Hibah','Khan','2002-05-29','AS291148','N/A','784-2002-3397657-8','Canadian','Vocational','+971 585490529','+1 4377712211','hibahmay29@gmail.com','United Arab Emirates','Bayti Villas 20 Compound, Villa 22/03','n/a','Dyan E. Baguio','Dubai','offline'),(243,'OT/25/037','OT','2025-02-08','Irshad','Marapinte',NULL,'L9932022','N/A','N/A','Indian','Bachelor in Mechanical Engineer','971 56 356 5105','N/A','irshadM41@gmail.com','United Arab Emirates','N/A','','Dyan E. Baguio','Dubai','offline'),(244,'OT/25/038','OT','2025-02-14','Bianca','Lucco','2025-02-14','N/A','N/A','N/A','Italian','Studying- on progress','971 58 577 3051','971 56 287 8450','blucco22@gmail.com','United Arab Emirates','United Arab Emirates','American University in Dubai','Dyan E. Baguio','Dubai','offline'),(245,'OT/25/039','OT','2025-02-11','Nihed Dhralef','Ep Ashour','1986-10-13','N/A','N/A','784-1986-5169473-3','Tunisia','Civil Engineering','971 54 448- 8830','971 54 448- 8830','nihad.dhnief@hotmail.com','United Arab Emirates','Dubai','wheely','Dyan E. Baguio','Dubai','offline'),(246,'OT/25/040','OT','2025-02-09','Nassima','Kouti','1988-02-12','FT4057831','N/A','784-1988-8371130-5','Moroco','High School Graduate','971 50 890 7949','971 52 305 0780','adnassima@gmail.com','United Arab Emirates','dubai','na','Dyan E. Baguio','Dubai','offline'),(247,'OT/25/041','OT','2025-02-16','Raja','Khan','1995-04-03','N/A','N/A','784-1995-8531819-1','Indian','Diploma in mechanical engineer','971- 55 249 0129','N/A','mraja8767@gmail.com','united Arab Emirates','Jebel Ali Dubai United arab emirates','Na','Dyan E. Baguio','Dubai','offline'),(248,'OT/25/042','OT','2025-02-16','Ashwin','S. S',NULL,'S1196039','N/A','784-2000-1729442-0','India','Bacheloe in Electrical Engineer','971 54 485 7327','971 50 536 8141','ashwinss123@gmail.com','United Arab Emirates','Kitaf Bldg Karama, Dubai','none','Dyan E. Baguio','Dubai','offline'),(249,'OT/25/043','OT','2025-02-19','Monette','Villalon',NULL,'N/A','N/A','784-1999-8168287-7','Filipino','College Graduate','971 50 930 7141','971- 52 954-3927','villalon.monette0517@gmail.com','United Arab Emirates','Hor Al Anz, Deira','Phoenician Technical Services','Dyan E. Baguio','Dubai','offline'),(250,'OT/25/044','OT','2025-02-20','Reem','Abdullah','2002-04-07','P09292061','N/A','784-200290793999','sudanese','Bachelors','971 5 698 3878','971 56 744-3589','reem54@gmail.com','United Arab Emirates','Mirdif hills Dubai','Cupola Tele Services','Dyan E. Baguio','Dubai','offline'),(251,'OT/25/045','OT','2025-02-20','Mohammed Belal','Uddin',NULL,'N/A','N/A','784-1976-29281627','Bangladesh','Bachelor in Civil Engineer','971 50 393 3265','N/A','engr.belal_06@yahoo.com','United Arab Emirates','Avari Building, AL Barsha 1','B & A Engineering Consultancy','Dyan E. Baguio','Dubai','offline'),(252,'OT/25/046','OT','2025-02-18','Mohamed Ali','MAnkada','1986-12-07','N/A','N/A','784-1986-57041509','Indian','Civil Engineering','971 58 145 3770','N/A','Mohalimankada@gmail.com','United Arab Emirates','International City','Proscape LLC','Dyan E. Baguio','Dubai','offline'),(253,'OT/25/047','OT','2025-02-22','Maya','Al-Khzaee','2006-12-06','N/A','N/A','784-2006-2462873-9','Jordan','Studying ( Undergraduate )','971 52 527 0738','971 55 455 1296','mayaalkhzaee@yahoo.com','Al Barsha 1 Street','Al Barsha 1 Dubai United Arab Emirates','N/A','Dyan E. Baguio','Dubai','offline'),(254,'OT/25/048','OT','2025-02-23','Lelanie','Fernandez',NULL,'P6519725B','N/A','784-1981-4946526-6','Filipino','High School Graduate','971 55 215 9970','971 55 215 9970','lelaniefernandez@gmail.com','United Arab Emirates','Twin tower B, Al Barsha 1','','Dyan E. Baguio','Dubai','offline'),(255,'OT/25/049','OT','2023-12-26','Linda N.','Chavan',NULL,'S3884204','N/A','784-19630-464036-8','Indian','Master In Bussiness Ad','971 56 682 0156','N/A','lnchavan0101@yahoo.com','United Arab Emirates','Al Badia Hillside Condo 6, Appartment 504','Al futtain','Dyan E. Baguio','Dubai','offline'),(256,'OT/25/050','OT','2025-02-27','Samrakshana','Suresh','1997-10-24','Z4685754','N/A','784-1997-4683819-4','Indian','Master of Urban Design, Bachelor of Architecture','971 56 801 3290','971 50 708 7110','samrakshana24@gmail.com','United Arab Emirates','Union Residence, DIP','RSP Dubai','Dyan E. Baguio','Dubai','online'),(257,'OT/25/051','OT','2025-02-23','Ahmad Abdulla','Al Sumaiti',NULL,'N/A','N/A','784-1990-8191310-7','Emirati','Bachelor','971 55 505 0059','N/A','ahmaddxb@live.com','United Arab Emirates','Al Barsha 3','NA','Dyan E. Baguio','Dubai','offline'),(258,'OT/25/052','OT','2025-02-26','Emerson','Santos','1980-05-11','P60546006B','N/A','784-1980 8250803-1','Filipino','Bachelor in Mechanical Engineer','971 56 680 4600','639 65 540 7473','esantos.dxb@gmail.com','United Arab Emirates','204, Bintani Building, Muraqqabat. Dubai','Project Management','Dyan E. Baguio','Dubai','offline'),(259,'OT/25/053','OT','2025-02-27','Amit','Kalyan','1971-07-27','N/A','N/A','N/A','Indian','Bachelor in Civil Engineer','971 50326 9174','971 50 752 4234','amkalyan09@gmail.com','United Arab Emirates','Discovery Garden','Na','Remya','Dubai','offline'),(260,'OT/25/054','OT','2025-03-01','Praveen','Gilbert','1974-05-31','','','','Indian','Degree holder','+971505232641','+971565450001','praveengee@gmail.com','United Arab Emirates','P.O. Box 1017, Al Ain','Algeco Company','Najaf Ali','Abu Dhabi','online'),(261,'OT/25/055','OT','2025-03-01','Fasna','N.C','1996-07-19','','','','Indian','Degree holder','+971567936352','','fasnanc@gmail.com','United Arab Emirates','union, Dubai','Cielo company','Najaf Ali','Dubai','offline'),(262,'OT/25/056','OT','2025-03-01','Mary Mae','Marasigan','1999-09-09','P3097709C','N/A','784-1999-95535608','Filipino','Bachelor','971 54 707 9637','971 54 707 9637','marymaemarasigan@gmail.com','United Arab Emirates','Damlok Series Union','Figure Properties','Dyan E. Baguio','Dubai','offline'),(263,'OT/25/057','OT','2024-07-07','Kebbiel Risen C.','Membrebe','1999-12-03','NA','NA','NA','Filipino','Bachelor in Mechanical','971 58 561 1974','971 55 565 7382','dyan@orbittraining.ae','United Arab Emirates','dubai','emkaan','admin','Dubai','offline'),(264,'OT/25/058','OT','2024-07-07','Jan Carlo Dreian','Yala',NULL,'P9267381B','NA','NA','Filipino','Bachelor in Mechanical','971 58 561 1974','N/A','dyan@orbittraining.ae','United Arab Emirates','dubai','N/A','admin','Dubai','offline'),(265,'OT/25/059','OT','2024-07-07','Janno Lewis','Aquino','1998-02-15','P9267381B','NA','784-1968-1922272-1','Filipino','Bachelor in Mechanical','971 58 561 1974','N/A','dyan@orbittraining.ae','United Arab Emirates','dubai','emkaan','admin','Dubai','offline'),(266,'OT/25/060','OT','2025-03-04','VIDHEESH','VISWANADHAN',NULL,'Y85199986','NA','784 1981 8312017 3','INDIAN','DIPLOMA CIVIL ENGINEERING','0 545356765','0 545356765','VIDHEESHVISWANADHAN@GMAIL.COM','UAE','','D. HOUSE','remya','DUBAI','offline'),(267,'OT/25/061','OT','2025-03-06','Waqas','Ali','1989-12-09','Y01793703','N/A','784-1989-1369169-1','Pakistan','Bachelor in Technology','971 56 850 7849','N/A','aliwaqas095@gmail.com','United Arab Emirates','Bay gate Tower, Bussiness Bay','ANK Developers','Dyan E. Baguio','Dubai','offline'),(268,'OT/25/062','OT','2025-03-09','Ranganathan','Aylanpalayan Natraj','1994-01-02','M8725258','N/A','784-1996-9202085-6','indian','Bachekor in Civil Engineering','971 56 9414 027','N/A','rangabuilders@gmail.com','United Arab Emirates','Sonapur Dubai','SSK building contracting LLC','Dyan E. Baguio','Dubai','offline'),(269,'OT/25/063','OT','2025-03-09','Punniyamoorthy','Haridos','1997-06-08','W1206805','N/A','784-1997-4723694-3','Indian','Bachelor in civil engineer','971 56 573 6897','N/A','morthyhari1997@gmail.com','United Arab Emirates','Detroit House, no 1003 Motor City','','Remya','Dubai','offline'),(270,'OT/25/064','OT','2025-03-09','Sadam','Niaz',NULL,'HR9913201','N/A','784-1997-28012008-0','Pakistan','intermediate','971- 58 919 5987','971 50 285 6656','rajasaoam297@gmail.com','United Arab Emirates','JVC','NA','Dyan E. Baguio','Dubai','offline'),(271,'OT/25/065','OT','2025-03-10','Sumith','K.R','1988-11-27','T1249642','N/A','784-1988-873168-6','Indian','Bachelor im Civil Engineer','971 58 974 2884','N/A','sumith1756@gmail.com','United Arab emirates','al quoz','na','Dyan E. Baguio','Dubai','offline'),(272,'OT/25/066','OT','2025-03-10','Mayudin','Multani','1996-08-28','N/A','N/A','N/A','Indian','Bachelor in Engineer','971 55 631 7374','N/A','mayudinmultani@gmail.com','united Arab Emirates','Ritaj residency Dip 2','digital millinium','Dyan E. Baguio','Dubai','offline'),(273,'OT/25/067','OT','2025-03-13','Carissa Mae','Espino','1991-11-27','na','n/A','784- 1991- 7358769-4','Filipino','Bachelor','971 54 474 4756','971 54 474 4756','carissaespino@gmail.com','United Arab Emirates','Al Barsha 1 Oasis, Al Barsha','MVW Studio','Dyan Baguio','Dubai','offline'),(274,'OT/25/068','OT','2025-03-13','Carissa Mae','Espino','1991-11-27','na','n/A','784- 1991- 7358769-4','Filipino','Bachelor','971 54 474 4756','971 54 474 4756','carissaespino@gmail.com','United Arab Emirates','Al Barsha 1 Oasis, Al Barsha','MVW Studio','Dyan Baguio','Dubai','offline'),(275,'OT/25/069','OT','2025-03-15','ARCHA','ANIL','1995-11-25','NIL','nil','784 1995 3065118 3','INDIAN','B TECH','+971 567368841','SAME','archaanilkumar9970@gmail.com','UAE','Al khail gate,Al Quoz, Dubai','','remya','DUBAI','offline'),(276,'OT/25/070','OT','2025-03-16','WENLORE','JASNAIK',NULL,'NIL','NIL','','PHILIPPINES','BACHELOR SCIENCE IN ACCOUNTING','+971 568296400','+971 568296400','wenjasnaik@gmail.com','UAE','meweillah','Tapiz carpets and curtains','Dyane','sharjah','offline'),(277,'OT/25/071','OT','2025-03-20','Arjun Singh','SAndhu','2006-08-08','N/A','N/A','784-2006-2539513-0','Indian','College','971 52 275 0415','N/A','arjun55@gmail.com','United Arab Emirates','JBC Villa Dubai Land','Golden Tower','Dyan E. Baguio','Dubai','offline'),(278,'OT/25/072','OT','2025-03-25','TAGREED','RATIB MESLEH','1977-11-21','1233244281','','784-1977-3926403-0','BRITISH','PHARMACIST AND INTERIOR DESIGN DIPLOMA','+971 505520241','+971 505520241','tagreed@sparksandcurves.com','UAE','','','Dyane','DUBAI','offline'),(279,'OT/25/073','OT','2025-03-25','ARJUN','SINGH','2006-08-08','','','784-2006-2539513-0','INDIAN','IN COLLAGE','+971 522750415','+971 522750415','arjuntiss@gmail.com','UAE','','Golden tawer','Dyane','DUBAI','offline'),(280,'OT/25/074','OT','2025-03-26','Carmen','Barter','1973-06-02','N/A','N/A','N/A','Australian','Bachelor','971 50 580 6873','971 50 580 6873','kymcarcon@gmail.com','United Arab Emirates','Villa 118 Sidra 3, Dubai Hills . UAE','NA','Dyan E. Baguio','Dubai','offline'),(281,'OT/25/075','OT','2025-03-28','ANJALI','ANIL KUMAR','1997-12-13','56672152','','784-1997-3613825-8','INDIAN','B E Computer science','+971 566174145','','anjaliakp@gmail.com','UAE','Al Badia residences ,DFC','Mashreq bank','Remya','DUBAI','offline'),(282,'OT/25/076','OT','2025-03-28','Derrick','komla Ametame','1985-11-14','G2683943','','784-1995-5527297-2','Ghanain','Bachalors degree','+971 527704345','','deeicer11@gmail.com','UAE','Al marri building, 35, Al baraha , Deira','Dispatch','Dyane','DUBAI','offline'),(283,'OT/25/077','OT','2025-04-02','Aslam','A',NULL,'','','784-2001-1168059-9','INDIAN','B C A','+971 581733158','','aslamprior@gmail.com','UAE','Al Quoz 2','Designsmith Interior work','Remya','DUBAI','offline'),(284,'OT/25/078','OT','2025-04-02','Ed','burno',NULL,'','','','Canada','B SC Civil engineering','+971 521503278','','ed.borno@global-tes.com','UAE','Al Waha villas,Wadi Al safa7,street D villa D17','Trans engineering solutions LLC','Remya','DUBAI','online'),(285,'OT/25/079','OT','2025-04-06','Yahya','Salaheldin Yahya Ahmed','1993-06-07','','','784-1993-6954535-7','SUDANESE','Bachelor degree in Architecture','+971 507507641','','yahya.broza@gmail.com','UAE','Muwaileh -Sharjah','Al Marwah constraction','Dyane','sharjah','offline'),(286,'OT/25/080','OT','2025-04-06','Sunil Kumar','K M','1980-11-10','v9146202','','784-1980-8186917-8','INDIAN','ITI Electrical','+971 566033624','','skm.kumar.050@gmail.com','UAE','S7, Danube, Jabel Ali','Middle east lubricant LLC','Remya','DUBAI','offline'),(287,'OT/25/081','OT','2025-04-06','Govindaraj','R','1974-06-20','C3043585','','784-1974-6196265-2','INDIAN','Civil Diploma civil Supervisor','+971 542383649','','govindaraj.dubai@gmail.com','UAE','Jabel ali','Elite','Dyane','DUBAI','offline'),(288,'OT/25/082','OT','2025-03-06','Waqas','Ali','1989-12-09','Y01793703','N/A','784-1989-1369169-1','Pakistan','Bachelor in Technology','971 56 850 7849','N/A','waqasali95@gmail.com','United Arab Emirates','Baygate Bussiness Bay','ANK Developers','Dyan E. Baguio','Dubai','offline'),(289,'OT/25/083','OT','2025-03-13','Carissa Mae','Espino','1991-11-27','N/A','N/A','784-1991-7358769-4','Filipino','Bachelor in Architecture','971 54 474 4756','N/A','Carissaespino@gmail.com','United Arab Emirates','al Barsha 1 oasis','MWM Studio','Dyan E. Baguio','Dubai','offline'),(290,'OT/25/084','OT','2025-03-16','Rey John Paul','Paitan','1988-02-06','N/A','N/A','784-1988-3249185-0','Filipino','Bachelor Degree','971 1988-3249185-0','N/A','reyjohnpaulpaitan@gmail.com','United Arab Emirates','Dubai','na','Dyan E. Baguio','Dubai','offline'),(291,'OT/25/085','OT','2025-03-17','Sani','Tamimi','1996-05-05','015G26285','N/A','784-1995-8539656-9','Syrian','Bachelor in Electrical Engineer','971 56 560 6139','N/A','samitamimi1995@gmail.com','United Arab Emirates','Al Barsha 1','','Dyan E. Baguio','dubai','offline'),(292,'OT/25/086','OT','2025-03-18','Sanju','m.s','1990-05-01','V4096805','N/A','784-1990-4185393-0','Indian','Diploma','971 56 765 9233','N/A','sanjumsgcc@gmail.com','United Arab Emirates','International City','','Dyan E. Baguio','Dubai','offline'),(293,'OT/25/087','OT','2025-03-21','Tagreed Ratib','Mesleh',NULL,'123244281','N/A','784-1977-3926403-0','British','Pharmacist','971- 50 552 0241','N/A','tagreed@sparksandcurves.com','United Arab Emirates','al barsha 1 dubai','na','Dyan E. Baguio','Dubai','offline'),(294,'OT/25/088','OT','2025-03-23','Manoj','Damani','1989-02-27','N/A','N/A','N/A','Indian','Bachelor in Engineer','971 -50 558- 1316','971 50 844 8701','md@alphaplusdubai.com','united arab emirates','cluster X jumierah bay x2','nexus System DMCC','Dyan E. Baguio','Dubai','offline'),(295,'OT/25/089','OT','2025-03-25','Derick','Samagbe','1998-06-05','G3994510','N/A','784-1998-58593645','Ghana','High School','971 56 613 9016','N/A','dericksamagbe019@gmail.com','United Arab Emirates','Al Nahda','Fitmeals','Dyan E. Baguio','Sharjah','offline'),(296,'OT/25/090','OT','2025-03-28','Haris','Nokhaiz','1995-05-17','AE9413582','N/A','N/A','Pakistan','Bachelor in Mechanical Engineer','971 50 165 0848','N/A','haris@gmail.com','United Arab Emirates','Sharjah','Bristol Fire Engineer','Dyan E. Baguio','Sharjah','offline'),(297,'OT/25/091','OT','2025-04-04','Yahya Salaheldin','Ahmed',NULL,'N/A','N/A','784-1993-6954535-7','sudanese','Bachelor in Architecture','971 50 750 7641','N/A','yahyah.broza@gmail.com','United Arab Emirates','Muwailih Sharjah','Al Mariwan Construction','Dyan E. Baguio','Sharjah','offline'),(298,'OT/25/092','OT','2025-04-07','Daniela Simona','Cosnita','1978-08-28','N/A','N/A','784-1978-5179383-2','Romania','Bachelor','971 55 544 1366','N/A','DanielaSimona@gmail.com','United Arab Emirates','JBR Dubai, United Arab Emirates','Prima Casa Real State LLC','Dyan E. Baguio','Dubai','offline'),(299,'OT/25/093','OT','2025-04-07','Ranjan','Axalan','1997-01-25','N/A','N/A','784-1997-4116856-3','Filipino','Bachelor in Science in Business ADministration','971- 50 814 2497','N/A','rjanaxalan@gmail.com','United Arab Emirates','Al juma Building Al Barsha 1 Dubai','Walnat TMA LLC','Dyan E. Baguio','Dubai','offline'),(300,'OT/25/094','OT','2025-04-09','Sanjay Singh','Rethod','2000-05-10','V3395608','N/A','784-2000-40200857','India','Polythechnic','971 50 768 5982','971 50 684 7067','sanjaybann500@gmail.com','United Arab Emirates','Al Attar Tower DIFC Dubai United Arab Emirates','n/a','Dyan E. Baguio','Dubai','offline'),(301,'OT/25/095','OT','2025-04-11','Joseph','Hinsley','1988-03-04','142650889','N/A','784-1987-7743607-6','Welsh','Bachelor in Science in Business ADministration','971 58 526 2412','971 58 526 2412','joehinsley@gmail.com','United Arab Emirates','604 La Rivera Apartments JVC','OBG','Dyan E. Baguio','Dubai','offline'),(302,'OT/25/096','OT','2025-04-11','Tyrone','Herbert','1988-03-04','562542780','N/A','784-1988-8603359-0','British','University','971 58 595 9910','971 58 505 3488','tyrone0304@hotmail.com','United Arab Emirates','1102, The IVY JVT Dubai United Arab Emirates','n/a','Dyan E. Baguio','Dubai','offline'),(303,'OT/25/097','OT','2025-04-11','Reshwan','Taha','1992-02-19','N/A','N/A','784-1992-1330554-5','British','University','971 50 113 0477','971 50 113 0477','reshwan_1992@hotmail.com','United Arab Emirates','222, Plaza Residence JVT','n/a','Dyan E. Baguio','Dubai','offline'),(304,'OT/25/098','OT','2024-07-24','Kathleen Joy','Valdez','1999-03-12','P8212528A','NA','784-1982-4291176-5','Filipino','Bachelor','0526903932','','mariavioletadayo@gmail.com','United Arab Emirates','Dubai','High School Graduate','Dyan E. Baguio','','offline'),(305,'OT/25/099','OT','2025-04-12','Majeesh','Manirajan','1982-05-20','N/A','N/A','784-1982- 87298057','Indian','Diploma','971 55 335 1240','971 55 335 1240','mmajeesh@gmail.com','United Arab Emirates','Karama , Dubai United Arab Emirates','N/A','Dyan E. Baguio','Dubai','offline'),(306,'OT/25/100','OT','2025-04-12','Sooraj','Sukumaran','1982-01-17','N/A','N/A','784-1982-5203206-9','Indian','Bachelor in Technology','971 55 477 2332','N/A','sooraj@gmail.com','United Arab Emirates','Karama Dubai','na','Dyan E. Baguio','Dubai','offline'),(307,'OT/25/101','OT','2025-04-14','Muhammad','Nafi',NULL,'U8116436','N/A','784-2000-8268359-8','Indian','Bachelor in Information Technology','971 56 941 1403','971 56 941 1403','muhammednafi2000@gmail.com','United Arab Emirates','Jebel Ali Dubai United Arab Emirates','We one','Dyan E. Baguio','Dubai','offline'),(308,'OT/25/102','OT','2025-04-16','Fawaz Shah','Muhammad',NULL,'LF5144184','N/A','784-2004-4549220-8','Pakistan','American University in Dubai','971 50 253 1510','971 50 253 1510','fawaz_shah3124@gmail.com','United Arab Emirates','Dubai Al Jaddaf','American University in Dubai','Dyan E. Baguio','Dubai','offline'),(309,'OT/25/103','OT','2025-04-16','Bruno','Duarte',NULL,'N/A','N/A','N/A','Spain','Bachelor in Teacher','971 55 139 2792','N/A','Brunobid@gmail.com','United Arab Emirates','Dubai','N/A','Dyan E. Baguio','Dubai','offline'),(310,'OT/25/104','OT','2025-04-17','Ahmed abdulla','Al Sumaiti','1990-01-22','AA011227','N/A','784-1990-8191310-7','Emirate','Bachelor','971 55 505 0059','N/A','ahmad.alsumaiti@dcaa.gov.ae','United Arab Emirates','Al Barsha 3','Dubai Civil authority Avaition','Dyan E. Baguio','Dubai','offline'),(311,'OT/25/105','OT','2025-04-18','Najeeb P','Jamal','1989-01-27','T5160640','','784 1989 73636354','INDIAN','Diploma','+971 562096789','','najeeb.jp@gmail.com','UAE','Building 71,Ewan residence. DIP 1','A2121 Developments','Remya','DUBAI','offline'),(312,'OT/25/106','OT','2025-04-07','Mohammed Shoaib','Khan','1998-09-26','','','','INDIAN','MBA','+971 565062402','','shoaib.khan7349420@gmail.com','UAE','DIP 1, RDK Building tower Dubai','DRK','Remya','DUBAI','offline'),(313,'OT/25/107','OT','2025-04-19','Mohamed','Nazeel','2003-02-17','','','784-2003-4488593','INDIAN','Automobile NVQL4','+971 544490016','','nazarnazeel@gmail.com','UAE','DIP2 Dubai','Deerfields services LLC','Remya','DUBAI','offline'),(314,'OT/25/108','OT','2025-04-20','Surendran','s','1992-05-09','Z6220242','','784 1992 63075295','INDIAN','B.E.','+971 567253274','','surendran@gmail.com','UAE','Al Mahata','Datco','Remya','sharjah','offline'),(315,'OT/25/109','OT','2025-04-20','Ajmal','fayis','2000-09-08','','','784 2000 5208607 9','INDIAN','B com','+971 562289946','','ajmalfayis35@gmail.com','UAE','Satwa, Dubai','','Remya','DUBAI','offline'),(316,'OT/25/110','OT','2025-04-20','Mohemmed','Mohiuddin','1999-04-20','','','','Palestine','','+971 504147123','','mohitahir1999@gmail.com','UAE','601 exectutiue tower','','Dyane','DUBAI','offline'),(317,'OT/25/111','OT','2025-04-21','Bruno','Duarte bar','1983-05-13','','','','Spain','P . E Teacher/ Marketing','+971 551392792','','brunobid@gmail.com','UAE','Amenco villa , Media city','','Dyane','DUBAI','offline');
/*!40000 ALTER TABLE `invoices_registration` ENABLE KEYS */;
UNLOCK TABLES;

--
-- Table structure for table `invoices_registrationcourse`
--

DROP TABLE IF EXISTS `invoices_registrationcourse`;
/*!40101 SET @saved_cs_client     = @@character_set_client */;
/*!50503 SET character_set_client = utf8mb4 */;
CREATE TABLE `invoices_registrationcourse` (
  `id` bigint NOT NULL AUTO_INCREMENT,
  `discount` decimal(5,2) NOT NULL,
  `course_id` bigint NOT NULL,
  `registration_id` bigint NOT NULL,
  `price` decimal(10,2) NOT NULL,
  PRIMARY KEY (`id`),
  UNIQUE KEY `invoices_registrationcou_registration_id_course_i_4c1ea2d9_uniq` (`registration_id`,`course_id`),
  KEY `invoices_registratio_course_id_2b0d7e8a_fk_invoices_` (`course_id`),
  CONSTRAINT `invoices_registratio_course_id_2b0d7e8a_fk_invoices_` FOREIGN KEY (`course_id`) REFERENCES `invoices_course` (`id`),
  CONSTRAINT `invoices_registratio_registration_id_21c26b85_fk_invoices_` FOREIGN KEY (`registration_id`) REFERENCES `invoices_registration` (`id`)
) ENGINE=InnoDB AUTO_INCREMENT=440 DEFAULT CHARSET=utf8mb3;
/*!40101 SET character_set_client = @saved_cs_client */;

--
-- Dumping data for table `invoices_registrationcourse`
--

LOCK TABLES `invoices_registrationcourse` WRITE;
/*!40000 ALTER TABLE `invoices_registrationcourse` DISABLE KEYS */;
INSERT INTO `invoices_registrationcourse` VALUES (10,25.00,54,8,0.00),(11,20.00,36,7,0.00),(12,20.00,41,6,0.00),(13,20.00,52,5,0.00),(14,20.00,52,4,0.00),(17,23.00,49,10,0.00),(23,28.00,54,11,0.00),(24,12.00,57,15,0.00),(39,45.00,55,19,0.00),(40,35.00,47,16,0.00),(62,29.00,37,25,0.00),(63,29.00,52,25,0.00),(66,20.00,50,12,0.00),(68,45.45,38,27,0.00),(69,13.42,9,28,0.00),(74,25.35,41,29,0.00),(75,25.33,45,29,0.00),(76,20.00,49,30,0.00),(78,0.00,53,33,0.00),(82,20.00,49,35,1750.00),(94,10.00,4,44,4500.00),(95,10.00,13,45,1600.00),(96,10.00,11,46,1.00),(98,20.00,49,47,1750.00),(101,20.00,43,48,1750.00),(108,10.00,3,82,0.00),(110,20.00,54,83,1350.00),(111,20.00,59,83,1.00),(112,20.00,42,83,1.00),(113,20.00,53,84,1750.00),(114,20.00,49,85,1750.00),(116,10.00,53,87,1750.00),(117,20.00,32,88,1850.00),(118,20.00,41,89,3000.00),(119,20.00,37,90,2000.00),(120,20.00,53,90,1750.00),(121,20.00,38,91,2750.00),(124,20.00,57,93,1500.00),(125,20.00,36,94,2500.00),(126,20.00,54,95,1300.00),(127,20.00,12,96,1400.00),(128,20.00,39,97,3000.00),(129,16.00,54,98,1300.00),(131,12.00,54,99,1300.00),(132,20.00,37,100,1750.00),(133,20.00,38,101,2000.00),(134,20.00,37,101,1750.00),(135,20.00,23,102,1600.00),(137,20.00,23,104,1600.00),(140,20.00,41,107,3000.00),(145,10.00,65,111,2800.00),(146,20.00,18,112,1500.00),(147,20.00,53,113,1750.00),(148,19.00,54,114,1500.00),(149,20.00,53,26,1750.00),(151,20.00,53,116,1750.00),(152,20.00,54,117,1500.00),(158,0.00,49,120,1750.00),(160,20.00,59,17,1500.00),(161,20.00,39,103,3000.00),(162,20.00,36,122,1750.00),(164,0.07,67,124,2600.00),(167,20.00,36,125,1600.00),(168,20.00,35,125,1600.00),(171,20.00,13,126,1600.00),(172,20.00,54,127,1500.00),(173,20.00,54,128,1500.00),(174,20.00,53,129,1750.00),(175,20.00,7,130,1500.00),(176,20.00,47,131,5300.00),(180,41.00,68,134,0.00),(181,20.00,54,135,1500.00),(182,12.00,36,136,1600.00),(183,12.00,36,137,1600.00),(187,10.00,67,139,10000.00),(188,0.00,10,140,1500.00),(189,20.00,51,141,1500.00),(190,0.00,27,142,1750.00),(192,20.00,48,133,2000.00),(193,20.00,12,138,1350.00),(194,0.00,49,121,1750.00),(195,0.00,45,110,2095.00),(196,20.00,53,92,1750.00),(198,20.00,28,144,1200.00),(200,15.00,70,143,2800.00),(201,20.00,38,105,2000.00),(202,20.00,38,106,2000.00),(203,20.00,59,145,1500.00),(205,20.00,12,146,1350.00),(206,20.00,11,147,1000.00),(208,20.00,49,149,1750.00),(209,20.00,49,150,1750.00),(210,20.00,53,151,1750.00),(211,20.00,53,152,1750.00),(212,20.00,44,153,2500.00),(213,20.00,56,154,1250.00),(214,20.00,56,155,1250.00),(215,20.00,54,156,1250.00),(216,20.00,13,157,1600.00),(217,20.00,47,158,3500.00),(218,20.00,47,159,3500.00),(219,20.00,74,160,2100.00),(220,20.00,12,161,1350.00),(221,20.00,12,162,1350.00),(223,20.00,54,163,1450.00),(224,20.00,54,164,1450.00),(226,20.00,54,166,1450.00),(227,20.00,54,167,1450.00),(228,0.00,56,168,1250.00),(229,20.00,75,169,2500.00),(230,20.00,54,170,1450.00),(231,0.00,24,171,1600.00),(234,20.00,37,172,1750.00),(236,20.00,37,173,1750.00),(237,20.00,37,174,1750.00),(238,20.00,54,175,1450.00),(239,20.00,58,176,5600.00),(241,20.00,59,178,1500.00),(242,20.00,49,179,1750.00),(243,0.00,48,180,2000.00),(244,0.00,48,181,2000.00),(249,20.00,27,185,1750.00),(250,20.00,54,186,1450.00),(251,20.00,41,187,3000.00),(252,20.00,9,188,2200.00),(253,15.00,12,189,1350.00),(258,0.00,77,193,0.01),(259,0.00,77,194,0.01),(260,0.00,27,195,1750.00),(261,0.00,27,196,1750.00),(262,20.00,54,197,1450.00),(263,20.00,27,198,1750.00),(266,20.00,21,199,1750.00),(267,7.00,80,199,2200.00),(272,18.00,46,108,1750.00),(273,18.00,48,108,2000.00),(274,20.00,13,200,1600.00),(275,20.00,36,201,1600.00),(276,20.00,55,202,2500.00),(277,20.00,53,203,1750.00),(278,20.00,54,203,1250.00),(280,20.00,49,204,1500.00),(281,20.00,55,132,2500.00),(283,20.00,16,206,1600.00),(284,20.00,48,207,2000.00),(286,20.00,49,208,1750.00),(287,0.00,70,209,2800.00),(288,20.00,53,210,1750.00),(289,20.00,41,211,3000.00),(290,0.00,12,212,1350.00),(291,20.00,13,213,1350.00),(292,20.00,13,214,1350.00),(293,20.00,13,215,1350.00),(294,20.00,13,216,1350.00),(295,20.00,53,217,1750.00),(296,20.00,47,165,3150.00),(297,20.00,54,218,1250.00),(298,10.00,47,219,3150.00),(299,15.00,70,220,2800.00),(303,0.00,53,221,1750.00),(304,0.00,54,221,1250.00),(305,0.00,59,221,1400.00),(308,0.00,55,222,2500.00),(309,0.00,38,223,2000.00),(310,0.00,54,224,1250.00),(312,20.00,54,226,1500.00),(313,0.00,54,225,1500.00),(314,20.00,11,227,1000.00),(316,20.00,70,229,2800.00),(317,0.00,12,230,1350.00),(318,20.00,72,231,1100.00),(319,20.00,54,115,1500.00),(321,20.00,54,233,1500.00),(322,20.00,55,31,2500.00),(323,20.00,55,234,2500.00),(324,20.00,53,235,1750.00),(325,20.00,81,236,1500.00),(326,18.00,54,237,1500.00),(327,20.00,53,238,1750.00),(330,20.00,12,239,1250.00),(331,20.00,45,240,2095.00),(333,20.00,70,242,2800.00),(334,20.00,52,243,1750.00),(335,20.00,53,177,1750.00),(336,20.00,13,241,1250.00),(338,20.00,54,244,1250.00),(339,20.00,13,245,1250.00),(340,20.00,11,246,1000.00),(341,20.00,54,247,1250.00),(344,20.00,49,248,1750.00),(345,20.00,54,248,1250.00),(346,20.00,53,249,1750.00),(348,20.00,53,251,1750.00),(349,0.00,50,252,3000.00),(351,20.00,39,254,3000.00),(353,20.00,58,255,5600.00),(357,20.00,53,256,1600.00),(358,20.00,54,257,1250.00),(359,20.00,54,258,1250.00),(360,20.00,36,259,1750.00),(362,20.00,53,260,1600.00),(363,20.00,55,261,2350.00),(364,20.00,54,262,1250.00),(365,20.00,52,263,1750.00),(366,20.00,52,264,1750.00),(367,20.00,53,265,1600.00),(372,0.00,47,267,3150.00),(373,20.00,53,268,1600.00),(374,20.00,52,268,1750.00),(376,20.00,54,270,1250.00),(377,20.00,52,266,1750.00),(378,20.00,53,266,1600.00),(379,20.00,54,271,1250.00),(380,20.00,54,272,1250.00),(382,20.00,70,228,2800.00),(383,0.00,59,273,1400.00),(384,0.00,59,274,1400.00),(385,20.00,55,275,2350.00),(386,20.00,58,276,5600.00),(387,16.20,54,277,1250.00),(388,20.00,58,278,5600.00),(389,10.00,54,279,1250.00),(390,20.00,13,280,1250.00),(392,7.00,55,281,2350.00),(393,20.00,4,282,4500.00),(395,20.00,47,269,3150.00),(398,20.00,55,283,2350.00),(399,10.00,50,284,1.00),(400,20.00,53,250,1600.00),(401,20.00,55,253,2350.00),(402,8.00,53,86,1600.00),(403,0.00,48,285,1750.00),(404,20.00,13,286,1250.00),(405,20.00,54,287,1250.00),(406,20.00,91,288,4500.00),(407,0.00,59,289,1400.00),(408,20.00,55,290,2350.00),(409,20.00,24,291,1600.00),(410,20.00,50,292,3000.00),(411,20.00,92,293,5500.00),(412,20.00,38,294,2000.00),(413,20.00,55,295,2350.00),(414,20.00,49,296,1750.00),(415,2.00,48,297,1750.00),(417,20.00,9,298,2000.00),(418,20.00,54,299,1250.00),(419,20.00,9,300,2000.00),(420,20.00,9,301,2000.00),(421,20.00,9,302,2000.00),(422,20.00,9,303,2000.00),(423,20.00,54,304,1250.00),(424,20.00,50,305,3000.00),(425,20.00,50,306,3000.00),(426,20.00,13,307,1250.00),(427,20.00,54,308,1250.00),(428,20.00,18,309,1500.00),(429,20.00,54,310,1250.00),(430,20.00,49,311,1750.00),(431,20.00,13,312,1250.00),(432,20.00,49,313,1750.00),(434,0.00,47,314,3150.00),(435,20.00,13,315,1250.00),(437,20.00,11,316,1000.00),(438,20.00,72,316,950.00),(439,20.00,16,317,1500.00);
/*!40000 ALTER TABLE `invoices_registrationcourse` ENABLE KEYS */;
UNLOCK TABLES;

--
-- Table structure for table `invoices_trainerprofile`
--

DROP TABLE IF EXISTS `invoices_trainerprofile`;
/*!40101 SET @saved_cs_client     = @@character_set_client */;
/*!50503 SET character_set_client = utf8mb4 */;
CREATE TABLE `invoices_trainerprofile` (
  `id` bigint NOT NULL AUTO_INCREMENT,
  `name` varchar(255) NOT NULL,
  `profile_pdf` varchar(100) NOT NULL,
  `created_at` datetime(6) NOT NULL,
  `user_id` int NOT NULL,
  PRIMARY KEY (`id`),
  UNIQUE KEY `invoices_trainerprofile_name_f4be5e5f_uniq` (`name`),
  KEY `invoices_trainerprofile_user_id_230eb1c4_fk_auth_user_id` (`user_id`),
  CONSTRAINT `invoices_trainerprofile_user_id_230eb1c4_fk_auth_user_id` FOREIGN KEY (`user_id`) REFERENCES `auth_user` (`id`)
) ENGINE=InnoDB AUTO_INCREMENT=9 DEFAULT CHARSET=utf8mb3;
/*!40101 SET character_set_client = @saved_cs_client */;

--
-- Dumping data for table `invoices_trainerprofile`
--

LOCK TABLES `invoices_trainerprofile` WRITE;
/*!40000 ALTER TABLE `invoices_trainerprofile` DISABLE KEYS */;
INSERT INTO `invoices_trainerprofile` VALUES (5,'Syed.Oubadah','trainer_profiles/mukesh_raiya_profile.pdf','2024-09-10 14:11:07.863551',2),(6,'MUKESH RAIYA','trainer_profiles/mukesh_raiya_profile_97e2yLY.pdf','2024-09-10 14:11:29.897140',2),(8,'Mukesh Raiya-Other','trainer_profiles/Mukesh_Profile_o0P6364.pdf','2025-01-24 16:02:12.874020',3);
/*!40000 ALTER TABLE `invoices_trainerprofile` ENABLE KEYS */;
UNLOCK TABLES;
/*!40103 SET TIME_ZONE=@OLD_TIME_ZONE */;

/*!40101 SET SQL_MODE=@OLD_SQL_MODE */;
/*!40014 SET FOREIGN_KEY_CHECKS=@OLD_FOREIGN_KEY_CHECKS */;
/*!40014 SET UNIQUE_CHECKS=@OLD_UNIQUE_CHECKS */;
/*!40101 SET CHARACTER_SET_CLIENT=@OLD_CHARACTER_SET_CLIENT */;
/*!40101 SET CHARACTER_SET_RESULTS=@OLD_CHARACTER_SET_RESULTS */;
/*!40101 SET COLLATION_CONNECTION=@OLD_COLLATION_CONNECTION */;
/*!40111 SET SQL_NOTES=@OLD_SQL_NOTES */;

-- Dump completed on 2025-04-21 13:56:57
